series_id,display_name,units,raw_date,reference_date,release_date,value
FXRTWI,Trade-weighted index,Index,2010-01-29,2010-01-31,2010-01-31,69.2
FXRTWI,Trade-weighted index,Index,2010-02-26,2010-02-28,2010-02-28,69.5
FXRTWI,Trade-weighted index,Index,2010-03-31,2010-03-31,2010-03-31,71.7
FXRTWI,Trade-weighted index,Index,2010-04-30,2010-04-30,2010-04-30,72.5
FXRTWI,Trade-weighted index,Index,2010-05-31,2010-05-31,2010-05-31,67.5
FXRTWI,Trade-weighted index,Index,2010-06-30,2010-06-30,2010-06-30,67.3
FXRTWI,Trade-weighted index,Index,2010-07-30,2010-07-31,2010-07-31,69.4
FXRTWI,Trade-weighted index,Index,2010-08-31,2010-08-31,2010-08-31,69.0
FXRTWI,Trade-weighted index,Index,2010-09-30,2010-09-30,2010-09-30,72.9
FXRTWI,Trade-weighted index,Index,2010-10-29,2010-10-31,2010-10-31,72.7
FXRTWI,Trade-weighted index,Index,2010-11-30,2010-11-30,2010-11-30,73.0
FXRTWI,Trade-weighted index,Index,2010-12-31,2010-12-31,2010-12-31,75.8
FXRTWI,Trade-weighted index,Index,2011-01-31,2011-01-31,2011-01-31,74.0
FXRTWI,Trade-weighted index,Index,2011-02-28,2011-02-28,2011-02-28,75.5
FXRTWI,Trade-weighted index,Index,2011-03-31,2011-03-31,2011-03-31,76.3
FXRTWI,Trade-weighted index,Index,2011-04-29,2011-04-30,2011-04-30,78.9
FXRTWI,Trade-weighted index,Index,2011-05-31,2011-05-31,2011-05-31,77.8
FXRTWI,Trade-weighted index,Index,2011-06-30,2011-06-30,2011-06-30,77.8
FXRTWI,Trade-weighted index,Index,2011-07-29,2011-07-31,2011-07-31,78.4
FXRTWI,Trade-weighted index,Index,2011-08-31,2011-08-31,2011-08-31,76.5
FXRTWI,Trade-weighted index,Index,2011-09-30,2011-09-30,2011-09-30,72.4
FXRTWI,Trade-weighted index,Index,2011-10-31,2011-10-31,2011-10-31,76.9
FXRTWI,Trade-weighted index,Index,2011-11-30,2011-11-30,2011-11-30,74.6
FXRTWI,Trade-weighted index,Index,2011-12-30,2011-12-31,2011-12-31,75.8
FXRTWI,Trade-weighted index,Index,2012-01-31,2012-01-31,2012-01-31,77.9
FXRTWI,Trade-weighted index,Index,2012-02-29,2012-02-29,2012-02-29,79.2
FXRTWI,Trade-weighted index,Index,2012-03-30,2012-03-31,2012-03-31,76.9
FXRTWI,Trade-weighted index,Index,2012-04-30,2012-04-30,2012-04-30,77.0
FXRTWI,Trade-weighted index,Index,2012-05-31,2012-05-31,2012-05-31,73.6
FXRTWI,Trade-weighted index,Index,2012-06-29,2012-06-30,2012-06-30,76.5
FXRTWI,Trade-weighted index,Index,2012-07-31,2012-07-31,2012-07-31,78.9
FXRTWI,Trade-weighted index,Index,2012-08-31,2012-08-31,2012-08-31,77.0
FXRTWI,Trade-weighted index,Index,2012-09-28,2012-09-30,2012-09-30,76.9
FXRTWI,Trade-weighted index,Index,2012-10-31,2012-10-31,2012-10-31,76.5
FXRTWI,Trade-weighted index,Index,2012-11-30,2012-11-30,2012-11-30,77.2
FXRTWI,Trade-weighted index,Index,2012-12-31,2012-12-31,2012-12-31,77.1
FXRTWI,Trade-weighted index,Index,2013-01-31,2013-01-31,2013-01-31,77.7
FXRTWI,Trade-weighted index,Index,2013-02-28,2013-02-28,2013-02-28,77.4
FXRTWI,Trade-weighted index,Index,2013-03-29,2013-03-31,2013-03-31,79.1
FXRTWI,Trade-weighted index,Index,2013-04-30,2013-04-30,2013-04-30,78.4
FXRTWI,Trade-weighted index,Index,2013-05-31,2013-05-31,2013-05-31,74.0
FXRTWI,Trade-weighted index,Index,2013-06-28,2013-06-30,2013-06-30,71.4
FXRTWI,Trade-weighted index,Index,2013-07-31,2013-07-31,2013-07-31,69.4
FXRTWI,Trade-weighted index,Index,2013-08-30,2013-08-31,2013-08-31,69.2
FXRTWI,Trade-weighted index,Index,2013-09-30,2013-09-30,2013-09-30,71.2
FXRTWI,Trade-weighted index,Index,2013-10-31,2013-10-31,2013-10-31,72.1
FXRTWI,Trade-weighted index,Index,2013-11-29,2013-11-30,2013-11-30,69.8
FXRTWI,Trade-weighted index,Index,2013-12-31,2013-12-31,2013-12-31,68.9
FXRTWI,Trade-weighted index,Index,2014-01-31,2014-01-31,2014-01-31,67.7
FXRTWI,Trade-weighted index,Index,2014-02-28,2014-02-28,2014-02-28,68.9
FXRTWI,Trade-weighted index,Index,2014-03-31,2014-03-31,2014-03-31,71.0
FXRTWI,Trade-weighted index,Index,2014-04-30,2014-04-30,2014-04-30,71.4
FXRTWI,Trade-weighted index,Index,2014-05-30,2014-05-31,2014-05-31,71.5
FXRTWI,Trade-weighted index,Index,2014-06-30,2014-06-30,2014-06-30,72.0
FXRTWI,Trade-weighted index,Index,2014-07-31,2014-07-31,2014-07-31,71.5
FXRTWI,Trade-weighted index,Index,2014-08-29,2014-08-31,2014-08-31,71.9
FXRTWI,Trade-weighted index,Index,2014-09-30,2014-09-30,2014-09-30,68.9
FXRTWI,Trade-weighted index,Index,2014-10-31,2014-10-31,2014-10-31,69.4
FXRTWI,Trade-weighted index,Index,2014-11-28,2014-11-30,2014-11-30,68.2
FXRTWI,Trade-weighted index,Index,2014-12-31,2014-12-31,2014-12-31,66.5
FXRTWI,Trade-weighted index,Index,2015-01-30,2015-01-31,2015-01-31,63.9
FXRTWI,Trade-weighted index,Index,2015-02-27,2015-02-28,2015-02-28,64.1
FXRTWI,Trade-weighted index,Index,2015-03-31,2015-03-31,2015-03-31,63.3
FXRTWI,Trade-weighted index,Index,2015-04-30,2015-04-30,2015-04-30,65.3
FXRTWI,Trade-weighted index,Index,2015-05-29,2015-05-31,2015-05-31,63.7
FXRTWI,Trade-weighted index,Index,2015-06-30,2015-06-30,2015-06-30,63.8
FXRTWI,Trade-weighted index,Index,2015-07-31,2015-07-31,2015-07-31,61.4
FXRTWI,Trade-weighted index,Index,2015-08-31,2015-08-31,2015-08-31,60.9
FXRTWI,Trade-weighted index,Index,2015-09-30,2015-09-30,2015-09-30,59.9
FXRTWI,Trade-weighted index,Index,2015-10-30,2015-10-31,2015-10-31,60.3
FXRTWI,Trade-weighted index,Index,2015-11-30,2015-11-30,2015-11-30,61.8
FXRTWI,Trade-weighted index,Index,2015-12-31,2015-12-31,2015-12-31,62.7
FXRTWI,Trade-weighted index,Index,2016-01-29,2016-01-31,2016-01-31,61.5
FXRTWI,Trade-weighted index,Index,2016-02-29,2016-02-29,2016-02-29,61.4
FXRTWI,Trade-weighted index,Index,2016-03-31,2016-03-31,2016-03-31,64.4
FXRTWI,Trade-weighted index,Index,2016-04-29,2016-04-30,2016-04-30,63.8
FXRTWI,Trade-weighted index,Index,2016-05-31,2016-05-31,2016-05-31,61.7
FXRTWI,Trade-weighted index,Index,2016-06-30,2016-06-30,2016-06-30,62.5
FXRTWI,Trade-weighted index,Index,2016-07-29,2016-07-31,2016-07-31,63.3
FXRTWI,Trade-weighted index,Index,2016-08-31,2016-08-31,2016-08-31,63.2
FXRTWI,Trade-weighted index,Index,2016-09-30,2016-09-30,2016-09-30,63.9
FXRTWI,Trade-weighted index,Index,2016-10-31,2016-10-31,2016-10-31,65.0
FXRTWI,Trade-weighted index,Index,2016-11-30,2016-11-30,2016-11-30,65.3
FXRTWI,Trade-weighted index,Index,2016-12-30,2016-12-31,2016-12-31,63.9
FXRTWI,Trade-weighted index,Index,2017-01-31,2017-01-31,2017-01-31,65.8
FXRTWI,Trade-weighted index,Index,2017-02-28,2017-02-28,2017-02-28,66.7
FXRTWI,Trade-weighted index,Index,2017-03-31,2017-03-31,2017-03-31,66.2
FXRTWI,Trade-weighted index,Index,2017-04-28,2017-04-30,2017-04-30,64.5
FXRTWI,Trade-weighted index,Index,2017-05-31,2017-05-31,2017-05-31,63.8
FXRTWI,Trade-weighted index,Index,2017-06-30,2017-06-30,2017-06-30,65.5
FXRTWI,Trade-weighted index,Index,2017-07-31,2017-07-31,2017-07-31,67.3
FXRTWI,Trade-weighted index,Index,2017-08-31,2017-08-31,2017-08-31,66.3
FXRTWI,Trade-weighted index,Index,2017-09-29,2017-09-30,2017-09-30,66.2
FXRTWI,Trade-weighted index,Index,2017-10-31,2017-10-31,2017-10-31,64.9
FXRTWI,Trade-weighted index,Index,2017-11-30,2017-11-30,2017-11-30,63.6
FXRTWI,Trade-weighted index,Index,2017-12-29,2017-12-31,2017-12-31,64.9
FXRTWI,Trade-weighted index,Index,2018-01-31,2018-01-31,2018-01-31,65.6
FXRTWI,Trade-weighted index,Index,2018-02-28,2018-02-28,2018-02-28,63.6
FXRTWI,Trade-weighted index,Index,2018-03-29,2018-03-31,2018-03-31,62.3
FXRTWI,Trade-weighted index,Index,2018-04-30,2018-04-30,2018-04-30,62.1
FXRTWI,Trade-weighted index,Index,2018-05-31,2018-05-31,2018-05-31,62.8
FXRTWI,Trade-weighted index,Index,2018-06-29,2018-06-30,2018-06-30,62.6
FXRTWI,Trade-weighted index,Index,2018-07-31,2018-07-31,2018-07-31,63.5
FXRTWI,Trade-weighted index,Index,2018-08-31,2018-08-31,2018-08-31,62.2
FXRTWI,Trade-weighted index,Index,2018-09-28,2018-09-30,2018-09-30,62.2
FXRTWI,Trade-weighted index,Index,2018-10-31,2018-10-31,2018-10-31,61.9
FXRTWI,Trade-weighted index,Index,2018-11-30,2018-11-30,2018-11-30,63.3
FXRTWI,Trade-weighted index,Index,2018-12-31,2018-12-31,2018-12-31,60.7
FXRTWI,Trade-weighted index,Index,2019-01-31,2019-01-31,2019-01-31,61.6
FXRTWI,Trade-weighted index,Index,2019-02-28,2019-02-28,2019-02-28,60.7
FXRTWI,Trade-weighted index,Index,2019-03-29,2019-03-31,2019-03-31,60.5
FXRTWI,Trade-weighted index,Index,2019-04-30,2019-04-30,2019-04-30,60.5
FXRTWI,Trade-weighted index,Index,2019-05-31,2019-05-31,2019-05-31,60.0
FXRTWI,Trade-weighted index,Index,2019-06-28,2019-06-30,2019-06-30,60.1
FXRTWI,Trade-weighted index,Index,2019-07-31,2019-07-31,2019-07-31,59.5
FXRTWI,Trade-weighted index,Index,2019-08-30,2019-08-31,2019-08-31,58.9
FXRTWI,Trade-weighted index,Index,2019-09-30,2019-09-30,2019-09-30,59.2
FXRTWI,Trade-weighted index,Index,2019-10-31,2019-10-31,2019-10-31,60.0
FXRTWI,Trade-weighted index,Index,2019-11-29,2019-11-30,2019-11-30,59.0
FXRTWI,Trade-weighted index,Index,2019-12-31,2019-12-31,2019-12-31,60.3
FXRTWI,Trade-weighted index,Index,2020-01-31,2020-01-31,2020-01-31,58.1
FXRTWI,Trade-weighted index,Index,2020-02-28,2020-02-29,2020-02-29,57.0
FXRTWI,Trade-weighted index,Index,2020-03-31,2020-03-31,2020-03-31,54.7
FXRTWI,Trade-weighted index,Index,2020-04-30,2020-04-30,2020-04-30,57.8
FXRTWI,Trade-weighted index,Index,2020-05-29,2020-05-31,2020-05-31,58.8
FXRTWI,Trade-weighted index,Index,2020-06-30,2020-06-30,2020-06-30,60.0
FXRTWI,Trade-weighted index,Index,2020-07-31,2020-07-31,2020-07-31,61.9
FXRTWI,Trade-weighted index,Index,2020-08-31,2020-08-31,2020-08-31,62.6
FXRTWI,Trade-weighted index,Index,2020-09-30,2020-09-30,2020-09-30,60.7
FXRTWI,Trade-weighted index,Index,2020-10-30,2020-10-31,2020-10-31,59.5
FXRTWI,Trade-weighted index,Index,2020-11-30,2020-11-30,2020-11-30,61.5
FXRTWI,Trade-weighted index,Index,2020-12-31,2020-12-31,2020-12-31,63.4
FXRTWI,Trade-weighted index,Index,2021-01-29,2021-01-31,2021-01-31,63.0
FXRTWI,Trade-weighted index,Index,2021-02-26,2021-02-28,2021-02-28,64.5
FXRTWI,Trade-weighted index,Index,2021-03-31,2021-03-31,2021-03-31,63.9
FXRTWI,Trade-weighted index,Index,2021-04-30,2021-04-30,2021-04-30,64.4
FXRTWI,Trade-weighted index,Index,2021-05-31,2021-05-31,2021-05-31,63.5
FXRTWI,Trade-weighted index,Index,2021-06-30,2021-06-30,2021-06-30,62.7
FXRTWI,Trade-weighted index,Index,2021-07-30,2021-07-31,2021-07-31,61.6
FXRTWI,Trade-weighted index,Index,2021-08-31,2021-08-31,2021-08-31,61.2
FXRTWI,Trade-weighted index,Index,2021-09-30,2021-09-30,2021-09-30,60.8
FXRTWI,Trade-weighted index,Index,2021-10-29,2021-10-31,2021-10-31,63.1
FXRTWI,Trade-weighted index,Index,2021-11-30,2021-11-30,2021-11-30,60.2
FXRTWI,Trade-weighted index,Index,2021-12-31,2021-12-31,2021-12-31,61.1
FXRTWI,Trade-weighted index,Index,2022-01-31,2022-01-31,2022-01-31,59.3
FXRTWI,Trade-weighted index,Index,2022-02-28,2022-02-28,2022-02-28,60.6
FXRTWI,Trade-weighted index,Index,2022-03-31,2022-03-31,2022-03-31,63.6
FXRTWI,Trade-weighted index,Index,2022-04-29,2022-04-30,2022-04-30,63.1
FXRTWI,Trade-weighted index,Index,2022-05-31,2022-05-31,2022-05-31,63.2
FXRTWI,Trade-weighted index,Index,2022-06-30,2022-06-30,2022-06-30,61.8
FXRTWI,Trade-weighted index,Index,2022-07-29,2022-07-31,2022-07-31,63.1
FXRTWI,Trade-weighted index,Index,2022-08-31,2022-08-31,2022-08-31,63.3
FXRTWI,Trade-weighted index,Index,2022-09-30,2022-09-30,2022-09-30,61.5
FXRTWI,Trade-weighted index,Index,2022-10-31,2022-10-31,2022-10-31,61.3
FXRTWI,Trade-weighted index,Index,2022-11-30,2022-11-30,2022-11-30,62.1
FXRTWI,Trade-weighted index,Index,2022-12-30,2022-12-31,2022-12-31,61.4
FXRTWI,Trade-weighted index,Index,2023-01-31,2023-01-31,2023-01-31,62.4
FXRTWI,Trade-weighted index,Index,2023-02-28,2023-02-28,2023-02-28,61.4
FXRTWI,Trade-weighted index,Index,2023-03-31,2023-03-31,2023-03-31,60.3
FXRTWI,Trade-weighted index,Index,2023-04-28,2023-04-30,2023-04-30,59.8
FXRTWI,Trade-weighted index,Index,2023-05-31,2023-05-31,2023-05-31,59.8
FXRTWI,Trade-weighted index,Index,2023-06-30,2023-06-30,2023-06-30,61.7
FXRTWI,Trade-weighted index,Index,2023-07-31,2023-07-31,2023-07-31,61.3
FXRTWI,Trade-weighted index,Index,2023-08-31,2023-08-31,2023-08-31,60.6
FXRTWI,Trade-weighted index,Index,2023-09-29,2023-09-30,2023-09-30,61.1
FXRTWI,Trade-weighted index,Index,2023-10-31,2023-10-31,2023-10-31,60.2
FXRTWI,Trade-weighted index,Index,2023-11-30,2023-11-30,2023-11-30,61.5
FXRTWI,Trade-weighted index,Index,2023-12-29,2023-12-31,2023-12-31,62.6
FXRTWI,Trade-weighted index,Index,2024-01-31,2024-01-31,2024-01-31,61.4
FXRTWI,Trade-weighted index,Index,2024-02-29,2024-02-29,2024-02-29,61.1
FXRTWI,Trade-weighted index,Index,2024-03-28,2024-03-31,2024-03-31,61.5
FXRTWI,Trade-weighted index,Index,2024-04-30,2024-04-30,2024-04-30,62.2
FXRTWI,Trade-weighted index,Index,2024-05-31,2024-05-31,2024-05-31,63.1
FXRTWI,Trade-weighted index,Index,2024-06-28,2024-06-30,2024-06-30,63.3
FXRTWI,Trade-weighted index,Index,2024-07-31,2024-07-31,2024-07-31,61.4
FXRTWI,Trade-weighted index,Index,2024-08-30,2024-08-31,2024-08-31,62.6
FXRTWI,Trade-weighted index,Index,2024-09-30,2024-09-30,2024-09-30,62.8
FXRTWI,Trade-weighted index,Index,2024-10-31,2024-10-31,2024-10-31,61.5
FXRTWI,Trade-weighted index,Index,2024-11-29,2024-11-30,2024-11-30,61.5
FXRTWI,Trade-weighted index,Index,2024-12-31,2024-12-31,2024-12-31,59.7
FXRTWI,Trade-weighted index,Index,2025-01-31,2025-01-31,2025-01-31,59.6
FXRTWI,Trade-weighted index,Index,2025-02-28,2025-02-28,2025-02-28,59.5
FXRTWI,Trade-weighted index,Index,2025-03-31,2025-03-31,2025-03-31,59.6
FXRTWI,Trade-weighted index,Index,2025-04-30,2025-04-30,2025-04-30,59.9
FXRTWI,Trade-weighted index,Index,2025-05-30,2025-05-31,2025-05-31,59.6
FXRTWI,Trade-weighted index,Index,2025-06-30,2025-06-30,2025-06-30,60.1
FXRTWI,Trade-weighted index,Index,2025-07-31,2025-07-31,2025-07-31,60.3
FXRTWI,Trade-weighted index,Index,2025-08-29,2025-08-31,2025-08-31,60.5
FXRTWI,Trade-weighted index,Index,2025-09-30,2025-09-30,2025-09-30,61.3
FXRTWI,Trade-weighted index,Index,2025-10-31,2025-10-31,2025-10-31,61.2
FXRTWI,Trade-weighted index,Index,2025-11-28,2025-11-30,2025-11-30,61.2
FXRTWI,Trade-weighted index,Index,2025-12-31,2025-12-31,2025-12-31,62.2
FXRTWI,Trade-weighted index,Index,2026-01-30,2026-01-31,2026-01-31,64.5
FXRTWI,Trade-weighted index,Index,2026-02-27,2026-02-28,2026-02-28,65.5
FXRTWI,Trade-weighted index,Index,2026-03-31,2026-03-31,2026-03-31,64.3
FXRTWI,Trade-weighted index,Index,2026-04-30,2026-04-30,2026-04-30,66.3
FXRTWI,Trade-weighted index,Index,2026-05-29,2026-05-31,2026-05-31,66.6
GCPIAGYPM,Monthly headline CPI inflation,Per cent,2025-04-30,2025-04-30,2025-05-31,2.4
GCPIAGYPM,Monthly headline CPI inflation,Per cent,2025-05-31,2025-05-31,2025-06-30,2.1
GCPIAGYPM,Monthly headline CPI inflation,Per cent,2025-06-30,2025-06-30,2025-07-31,1.9
GCPIAGYPM,Monthly headline CPI inflation,Per cent,2025-07-31,2025-07-31,2025-08-31,3.0
GCPIAGYPM,Monthly headline CPI inflation,Per cent,2025-08-31,2025-08-31,2025-09-30,3.2
GCPIAGYPM,Monthly headline CPI inflation,Per cent,2025-09-30,2025-09-30,2025-10-31,3.6
GCPIAGYPM,Monthly headline CPI inflation,Per cent,2025-10-31,2025-10-31,2025-11-30,3.8
GCPIAGYPM,Monthly headline CPI inflation,Per cent,2025-11-30,2025-11-30,2025-12-31,3.4
GCPIAGYPM,Monthly headline CPI inflation,Per cent,2025-12-31,2025-12-31,2026-01-31,3.8
GCPIAGYPM,Monthly headline CPI inflation,Per cent,2026-01-31,2026-01-31,2026-02-28,3.8
GCPIAGYPM,Monthly headline CPI inflation,Per cent,2026-02-28,2026-02-28,2026-03-31,3.7
GCPIAGYPM,Monthly headline CPI inflation,Per cent,2026-03-31,2026-03-31,2026-04-30,4.6
GCPIAGYPM,Monthly headline CPI inflation,Per cent,2026-04-30,2026-04-30,2026-05-31,4.2
GLFSURSA,Unemployment rate,Per cent,1978-02-28,1978-02-28,1978-03-31,6.6
GLFSURSA,Unemployment rate,Per cent,1978-03-31,1978-03-31,1978-04-30,6.3
GLFSURSA,Unemployment rate,Per cent,1978-04-30,1978-04-30,1978-05-31,6.3
GLFSURSA,Unemployment rate,Per cent,1978-05-31,1978-05-31,1978-06-30,6.2
GLFSURSA,Unemployment rate,Per cent,1978-06-30,1978-06-30,1978-07-31,6.3
GLFSURSA,Unemployment rate,Per cent,1978-07-31,1978-07-31,1978-08-31,6.2
GLFSURSA,Unemployment rate,Per cent,1978-08-31,1978-08-31,1978-09-30,6.5
GLFSURSA,Unemployment rate,Per cent,1978-09-30,1978-09-30,1978-10-31,6.3
GLFSURSA,Unemployment rate,Per cent,1978-10-31,1978-10-31,1978-11-30,6.2
GLFSURSA,Unemployment rate,Per cent,1978-11-30,1978-11-30,1978-12-31,6.3
GLFSURSA,Unemployment rate,Per cent,1978-12-31,1978-12-31,1979-01-31,6.4
GLFSURSA,Unemployment rate,Per cent,1979-01-31,1979-01-31,1979-02-28,6.4
GLFSURSA,Unemployment rate,Per cent,1979-02-28,1979-02-28,1979-03-31,6.3
GLFSURSA,Unemployment rate,Per cent,1979-03-31,1979-03-31,1979-04-30,6.3
GLFSURSA,Unemployment rate,Per cent,1979-04-30,1979-04-30,1979-05-31,6.5
GLFSURSA,Unemployment rate,Per cent,1979-05-31,1979-05-31,1979-06-30,6.2
GLFSURSA,Unemployment rate,Per cent,1979-06-30,1979-06-30,1979-07-31,6.3
GLFSURSA,Unemployment rate,Per cent,1979-07-31,1979-07-31,1979-08-31,6.3
GLFSURSA,Unemployment rate,Per cent,1979-08-31,1979-08-31,1979-09-30,6.1
GLFSURSA,Unemployment rate,Per cent,1979-09-30,1979-09-30,1979-10-31,6.2
GLFSURSA,Unemployment rate,Per cent,1979-10-31,1979-10-31,1979-11-30,6.4
GLFSURSA,Unemployment rate,Per cent,1979-11-30,1979-11-30,1979-12-31,6.0
GLFSURSA,Unemployment rate,Per cent,1979-12-31,1979-12-31,1980-01-31,6.1
GLFSURSA,Unemployment rate,Per cent,1980-01-31,1980-01-31,1980-02-29,6.1
GLFSURSA,Unemployment rate,Per cent,1980-02-29,1980-02-29,1980-03-31,6.0
GLFSURSA,Unemployment rate,Per cent,1980-03-31,1980-03-31,1980-04-30,5.9
GLFSURSA,Unemployment rate,Per cent,1980-04-30,1980-04-30,1980-05-31,6.1
GLFSURSA,Unemployment rate,Per cent,1980-05-31,1980-05-31,1980-06-30,6.2
GLFSURSA,Unemployment rate,Per cent,1980-06-30,1980-06-30,1980-07-31,6.3
GLFSURSA,Unemployment rate,Per cent,1980-07-31,1980-07-31,1980-08-31,6.1
GLFSURSA,Unemployment rate,Per cent,1980-08-31,1980-08-31,1980-09-30,6.2
GLFSURSA,Unemployment rate,Per cent,1980-09-30,1980-09-30,1980-10-31,6.1
GLFSURSA,Unemployment rate,Per cent,1980-10-31,1980-10-31,1980-11-30,6.1
GLFSURSA,Unemployment rate,Per cent,1980-11-30,1980-11-30,1980-12-31,5.9
GLFSURSA,Unemployment rate,Per cent,1980-12-31,1980-12-31,1981-01-31,6.1
GLFSURSA,Unemployment rate,Per cent,1981-01-31,1981-01-31,1981-02-28,5.9
GLFSURSA,Unemployment rate,Per cent,1981-02-28,1981-02-28,1981-03-31,5.6
GLFSURSA,Unemployment rate,Per cent,1981-03-31,1981-03-31,1981-04-30,5.7
GLFSURSA,Unemployment rate,Per cent,1981-04-30,1981-04-30,1981-05-31,5.6
GLFSURSA,Unemployment rate,Per cent,1981-05-31,1981-05-31,1981-06-30,5.6
GLFSURSA,Unemployment rate,Per cent,1981-06-30,1981-06-30,1981-07-31,5.4
GLFSURSA,Unemployment rate,Per cent,1981-07-31,1981-07-31,1981-08-31,5.8
GLFSURSA,Unemployment rate,Per cent,1981-08-31,1981-08-31,1981-09-30,5.8
GLFSURSA,Unemployment rate,Per cent,1981-09-30,1981-09-30,1981-10-31,5.8
GLFSURSA,Unemployment rate,Per cent,1981-10-31,1981-10-31,1981-11-30,5.9
GLFSURSA,Unemployment rate,Per cent,1981-11-30,1981-11-30,1981-12-31,6.0
GLFSURSA,Unemployment rate,Per cent,1981-12-31,1981-12-31,1982-01-31,6.0
GLFSURSA,Unemployment rate,Per cent,1982-01-31,1982-01-31,1982-02-28,6.0
GLFSURSA,Unemployment rate,Per cent,1982-02-28,1982-02-28,1982-03-31,6.3
GLFSURSA,Unemployment rate,Per cent,1982-03-31,1982-03-31,1982-04-30,6.3
GLFSURSA,Unemployment rate,Per cent,1982-04-30,1982-04-30,1982-05-31,6.3
GLFSURSA,Unemployment rate,Per cent,1982-05-31,1982-05-31,1982-06-30,6.6
GLFSURSA,Unemployment rate,Per cent,1982-06-30,1982-06-30,1982-07-31,6.8
GLFSURSA,Unemployment rate,Per cent,1982-07-31,1982-07-31,1982-08-31,6.9
GLFSURSA,Unemployment rate,Per cent,1982-08-31,1982-08-31,1982-09-30,7.0
GLFSURSA,Unemployment rate,Per cent,1982-09-30,1982-09-30,1982-10-31,7.4
GLFSURSA,Unemployment rate,Per cent,1982-10-31,1982-10-31,1982-11-30,8.3
GLFSURSA,Unemployment rate,Per cent,1982-11-30,1982-11-30,1982-12-31,8.7
GLFSURSA,Unemployment rate,Per cent,1982-12-31,1982-12-31,1983-01-31,9.4
GLFSURSA,Unemployment rate,Per cent,1983-01-31,1983-01-31,1983-02-28,9.3
GLFSURSA,Unemployment rate,Per cent,1983-02-28,1983-02-28,1983-03-31,9.7
GLFSURSA,Unemployment rate,Per cent,1983-03-31,1983-03-31,1983-04-30,10.0
GLFSURSA,Unemployment rate,Per cent,1983-04-30,1983-04-30,1983-05-31,10.2
GLFSURSA,Unemployment rate,Per cent,1983-05-31,1983-05-31,1983-06-30,10.3
GLFSURSA,Unemployment rate,Per cent,1983-06-30,1983-06-30,1983-07-31,10.2
GLFSURSA,Unemployment rate,Per cent,1983-07-31,1983-07-31,1983-08-31,10.5
GLFSURSA,Unemployment rate,Per cent,1983-08-31,1983-08-31,1983-09-30,10.2
GLFSURSA,Unemployment rate,Per cent,1983-09-30,1983-09-30,1983-10-31,10.3
GLFSURSA,Unemployment rate,Per cent,1983-10-31,1983-10-31,1983-11-30,10.0
GLFSURSA,Unemployment rate,Per cent,1983-11-30,1983-11-30,1983-12-31,9.7
GLFSURSA,Unemployment rate,Per cent,1983-12-31,1983-12-31,1984-01-31,9.5
GLFSURSA,Unemployment rate,Per cent,1984-01-31,1984-01-31,1984-02-29,9.5
GLFSURSA,Unemployment rate,Per cent,1984-02-29,1984-02-29,1984-03-31,9.4
GLFSURSA,Unemployment rate,Per cent,1984-03-31,1984-03-31,1984-04-30,9.2
GLFSURSA,Unemployment rate,Per cent,1984-04-30,1984-04-30,1984-05-31,9.4
GLFSURSA,Unemployment rate,Per cent,1984-05-31,1984-05-31,1984-06-30,8.9
GLFSURSA,Unemployment rate,Per cent,1984-06-30,1984-06-30,1984-07-31,9.1
GLFSURSA,Unemployment rate,Per cent,1984-07-31,1984-07-31,1984-08-31,8.9
GLFSURSA,Unemployment rate,Per cent,1984-08-31,1984-08-31,1984-09-30,8.8
GLFSURSA,Unemployment rate,Per cent,1984-09-30,1984-09-30,1984-10-31,8.7
GLFSURSA,Unemployment rate,Per cent,1984-10-31,1984-10-31,1984-11-30,8.7
GLFSURSA,Unemployment rate,Per cent,1984-11-30,1984-11-30,1984-12-31,8.7
GLFSURSA,Unemployment rate,Per cent,1984-12-31,1984-12-31,1985-01-31,8.5
GLFSURSA,Unemployment rate,Per cent,1985-01-31,1985-01-31,1985-02-28,8.6
GLFSURSA,Unemployment rate,Per cent,1985-02-28,1985-02-28,1985-03-31,8.4
GLFSURSA,Unemployment rate,Per cent,1985-03-31,1985-03-31,1985-04-30,8.7
GLFSURSA,Unemployment rate,Per cent,1985-04-30,1985-04-30,1985-05-31,8.4
GLFSURSA,Unemployment rate,Per cent,1985-05-31,1985-05-31,1985-06-30,8.4
GLFSURSA,Unemployment rate,Per cent,1985-06-30,1985-06-30,1985-07-31,8.6
GLFSURSA,Unemployment rate,Per cent,1985-07-31,1985-07-31,1985-08-31,8.3
GLFSURSA,Unemployment rate,Per cent,1985-08-31,1985-08-31,1985-09-30,8.2
GLFSURSA,Unemployment rate,Per cent,1985-09-30,1985-09-30,1985-10-31,8.1
GLFSURSA,Unemployment rate,Per cent,1985-10-31,1985-10-31,1985-11-30,7.8
GLFSURSA,Unemployment rate,Per cent,1985-11-30,1985-11-30,1985-12-31,8.0
GLFSURSA,Unemployment rate,Per cent,1985-12-31,1985-12-31,1986-01-31,7.8
GLFSURSA,Unemployment rate,Per cent,1986-01-31,1986-01-31,1986-02-28,7.8
GLFSURSA,Unemployment rate,Per cent,1986-02-28,1986-02-28,1986-03-31,8.0
GLFSURSA,Unemployment rate,Per cent,1986-03-31,1986-03-31,1986-04-30,7.9
GLFSURSA,Unemployment rate,Per cent,1986-04-30,1986-04-30,1986-05-31,7.9
GLFSURSA,Unemployment rate,Per cent,1986-05-31,1986-05-31,1986-06-30,7.8
GLFSURSA,Unemployment rate,Per cent,1986-06-30,1986-06-30,1986-07-31,7.7
GLFSURSA,Unemployment rate,Per cent,1986-07-31,1986-07-31,1986-08-31,8.1
GLFSURSA,Unemployment rate,Per cent,1986-08-31,1986-08-31,1986-09-30,8.2
GLFSURSA,Unemployment rate,Per cent,1986-09-30,1986-09-30,1986-10-31,8.3
GLFSURSA,Unemployment rate,Per cent,1986-10-31,1986-10-31,1986-11-30,8.3
GLFSURSA,Unemployment rate,Per cent,1986-11-30,1986-11-30,1986-12-31,8.3
GLFSURSA,Unemployment rate,Per cent,1986-12-31,1986-12-31,1987-01-31,8.4
GLFSURSA,Unemployment rate,Per cent,1987-01-31,1987-01-31,1987-02-28,8.2
GLFSURSA,Unemployment rate,Per cent,1987-02-28,1987-02-28,1987-03-31,8.2
GLFSURSA,Unemployment rate,Per cent,1987-03-31,1987-03-31,1987-04-30,8.4
GLFSURSA,Unemployment rate,Per cent,1987-04-30,1987-04-30,1987-05-31,8.3
GLFSURSA,Unemployment rate,Per cent,1987-05-31,1987-05-31,1987-06-30,8.2
GLFSURSA,Unemployment rate,Per cent,1987-06-30,1987-06-30,1987-07-31,8.0
GLFSURSA,Unemployment rate,Per cent,1987-07-31,1987-07-31,1987-08-31,8.1
GLFSURSA,Unemployment rate,Per cent,1987-08-31,1987-08-31,1987-09-30,8.1
GLFSURSA,Unemployment rate,Per cent,1987-09-30,1987-09-30,1987-10-31,7.8
GLFSURSA,Unemployment rate,Per cent,1987-10-31,1987-10-31,1987-11-30,8.1
GLFSURSA,Unemployment rate,Per cent,1987-11-30,1987-11-30,1987-12-31,7.9
GLFSURSA,Unemployment rate,Per cent,1987-12-31,1987-12-31,1988-01-31,7.7
GLFSURSA,Unemployment rate,Per cent,1988-01-31,1988-01-31,1988-02-29,7.6
GLFSURSA,Unemployment rate,Per cent,1988-02-29,1988-02-29,1988-03-31,7.4
GLFSURSA,Unemployment rate,Per cent,1988-03-31,1988-03-31,1988-04-30,7.5
GLFSURSA,Unemployment rate,Per cent,1988-04-30,1988-04-30,1988-05-31,7.9
GLFSURSA,Unemployment rate,Per cent,1988-05-31,1988-05-31,1988-06-30,7.5
GLFSURSA,Unemployment rate,Per cent,1988-06-30,1988-06-30,1988-07-31,7.6
GLFSURSA,Unemployment rate,Per cent,1988-07-31,1988-07-31,1988-08-31,6.8
GLFSURSA,Unemployment rate,Per cent,1988-08-31,1988-08-31,1988-09-30,7.1
GLFSURSA,Unemployment rate,Per cent,1988-09-30,1988-09-30,1988-10-31,6.9
GLFSURSA,Unemployment rate,Per cent,1988-10-31,1988-10-31,1988-11-30,6.8
GLFSURSA,Unemployment rate,Per cent,1988-11-30,1988-11-30,1988-12-31,6.6
GLFSURSA,Unemployment rate,Per cent,1988-12-31,1988-12-31,1989-01-31,6.8
GLFSURSA,Unemployment rate,Per cent,1989-01-31,1989-01-31,1989-02-28,6.8
GLFSURSA,Unemployment rate,Per cent,1989-02-28,1989-02-28,1989-03-31,6.6
GLFSURSA,Unemployment rate,Per cent,1989-03-31,1989-03-31,1989-04-30,6.3
GLFSURSA,Unemployment rate,Per cent,1989-04-30,1989-04-30,1989-05-31,6.2
GLFSURSA,Unemployment rate,Per cent,1989-05-31,1989-05-31,1989-06-30,6.3
GLFSURSA,Unemployment rate,Per cent,1989-06-30,1989-06-30,1989-07-31,6.0
GLFSURSA,Unemployment rate,Per cent,1989-07-31,1989-07-31,1989-08-31,6.0
GLFSURSA,Unemployment rate,Per cent,1989-08-31,1989-08-31,1989-09-30,5.9
GLFSURSA,Unemployment rate,Per cent,1989-09-30,1989-09-30,1989-10-31,6.0
GLFSURSA,Unemployment rate,Per cent,1989-10-31,1989-10-31,1989-11-30,5.9
GLFSURSA,Unemployment rate,Per cent,1989-11-30,1989-11-30,1989-12-31,5.8
GLFSURSA,Unemployment rate,Per cent,1989-12-31,1989-12-31,1990-01-31,5.8
GLFSURSA,Unemployment rate,Per cent,1990-01-31,1990-01-31,1990-02-28,6.1
GLFSURSA,Unemployment rate,Per cent,1990-02-28,1990-02-28,1990-03-31,6.4
GLFSURSA,Unemployment rate,Per cent,1990-03-31,1990-03-31,1990-04-30,6.2
GLFSURSA,Unemployment rate,Per cent,1990-04-30,1990-04-30,1990-05-31,6.3
GLFSURSA,Unemployment rate,Per cent,1990-05-31,1990-05-31,1990-06-30,6.5
GLFSURSA,Unemployment rate,Per cent,1990-06-30,1990-06-30,1990-07-31,6.6
GLFSURSA,Unemployment rate,Per cent,1990-07-31,1990-07-31,1990-08-31,7.1
GLFSURSA,Unemployment rate,Per cent,1990-08-31,1990-08-31,1990-09-30,7.2
GLFSURSA,Unemployment rate,Per cent,1990-09-30,1990-09-30,1990-10-31,7.4
GLFSURSA,Unemployment rate,Per cent,1990-10-31,1990-10-31,1990-11-30,7.6
GLFSURSA,Unemployment rate,Per cent,1990-11-30,1990-11-30,1990-12-31,7.9
GLFSURSA,Unemployment rate,Per cent,1990-12-31,1990-12-31,1991-01-31,8.0
GLFSURSA,Unemployment rate,Per cent,1991-01-31,1991-01-31,1991-02-28,8.4
GLFSURSA,Unemployment rate,Per cent,1991-02-28,1991-02-28,1991-03-31,8.6
GLFSURSA,Unemployment rate,Per cent,1991-03-31,1991-03-31,1991-04-30,9.2
GLFSURSA,Unemployment rate,Per cent,1991-04-30,1991-04-30,1991-05-31,9.9
GLFSURSA,Unemployment rate,Per cent,1991-05-31,1991-05-31,1991-06-30,9.5
GLFSURSA,Unemployment rate,Per cent,1991-06-30,1991-06-30,1991-07-31,9.6
GLFSURSA,Unemployment rate,Per cent,1991-07-31,1991-07-31,1991-08-31,9.7
GLFSURSA,Unemployment rate,Per cent,1991-08-31,1991-08-31,1991-09-30,9.8
GLFSURSA,Unemployment rate,Per cent,1991-09-30,1991-09-30,1991-10-31,10.0
GLFSURSA,Unemployment rate,Per cent,1991-10-31,1991-10-31,1991-11-30,10.0
GLFSURSA,Unemployment rate,Per cent,1991-11-30,1991-11-30,1991-12-31,10.2
GLFSURSA,Unemployment rate,Per cent,1991-12-31,1991-12-31,1992-01-31,10.5
GLFSURSA,Unemployment rate,Per cent,1992-01-31,1992-01-31,1992-02-29,10.3
GLFSURSA,Unemployment rate,Per cent,1992-02-29,1992-02-29,1992-03-31,10.4
GLFSURSA,Unemployment rate,Per cent,1992-03-31,1992-03-31,1992-04-30,10.5
GLFSURSA,Unemployment rate,Per cent,1992-04-30,1992-04-30,1992-05-31,10.5
GLFSURSA,Unemployment rate,Per cent,1992-05-31,1992-05-31,1992-06-30,10.6
GLFSURSA,Unemployment rate,Per cent,1992-06-30,1992-06-30,1992-07-31,10.8
GLFSURSA,Unemployment rate,Per cent,1992-07-31,1992-07-31,1992-08-31,11.1
GLFSURSA,Unemployment rate,Per cent,1992-08-31,1992-08-31,1992-09-30,10.7
GLFSURSA,Unemployment rate,Per cent,1992-09-30,1992-09-30,1992-10-31,10.6
GLFSURSA,Unemployment rate,Per cent,1992-10-31,1992-10-31,1992-11-30,11.1
GLFSURSA,Unemployment rate,Per cent,1992-11-30,1992-11-30,1992-12-31,11.1
GLFSURSA,Unemployment rate,Per cent,1992-12-31,1992-12-31,1993-01-31,11.2
GLFSURSA,Unemployment rate,Per cent,1993-01-31,1993-01-31,1993-02-28,10.8
GLFSURSA,Unemployment rate,Per cent,1993-02-28,1993-02-28,1993-03-31,11.0
GLFSURSA,Unemployment rate,Per cent,1993-03-31,1993-03-31,1993-04-30,10.9
GLFSURSA,Unemployment rate,Per cent,1993-04-30,1993-04-30,1993-05-31,10.8
GLFSURSA,Unemployment rate,Per cent,1993-05-31,1993-05-31,1993-06-30,10.8
GLFSURSA,Unemployment rate,Per cent,1993-06-30,1993-06-30,1993-07-31,11.0
GLFSURSA,Unemployment rate,Per cent,1993-07-31,1993-07-31,1993-08-31,10.9
GLFSURSA,Unemployment rate,Per cent,1993-08-31,1993-08-31,1993-09-30,11.0
GLFSURSA,Unemployment rate,Per cent,1993-09-30,1993-09-30,1993-10-31,10.7
GLFSURSA,Unemployment rate,Per cent,1993-10-31,1993-10-31,1993-11-30,11.0
GLFSURSA,Unemployment rate,Per cent,1993-11-30,1993-11-30,1993-12-31,10.9
GLFSURSA,Unemployment rate,Per cent,1993-12-31,1993-12-31,1994-01-31,10.8
GLFSURSA,Unemployment rate,Per cent,1994-01-31,1994-01-31,1994-02-28,10.6
GLFSURSA,Unemployment rate,Per cent,1994-02-28,1994-02-28,1994-03-31,10.4
GLFSURSA,Unemployment rate,Per cent,1994-03-31,1994-03-31,1994-04-30,10.4
GLFSURSA,Unemployment rate,Per cent,1994-04-30,1994-04-30,1994-05-31,10.1
GLFSURSA,Unemployment rate,Per cent,1994-05-31,1994-05-31,1994-06-30,9.8
GLFSURSA,Unemployment rate,Per cent,1994-06-30,1994-06-30,1994-07-31,9.8
GLFSURSA,Unemployment rate,Per cent,1994-07-31,1994-07-31,1994-08-31,9.6
GLFSURSA,Unemployment rate,Per cent,1994-08-31,1994-08-31,1994-09-30,9.4
GLFSURSA,Unemployment rate,Per cent,1994-09-30,1994-09-30,1994-10-31,9.4
GLFSURSA,Unemployment rate,Per cent,1994-10-31,1994-10-31,1994-11-30,9.1
GLFSURSA,Unemployment rate,Per cent,1994-11-30,1994-11-30,1994-12-31,9.1
GLFSURSA,Unemployment rate,Per cent,1994-12-31,1994-12-31,1995-01-31,8.9
GLFSURSA,Unemployment rate,Per cent,1995-01-31,1995-01-31,1995-02-28,8.9
GLFSURSA,Unemployment rate,Per cent,1995-02-28,1995-02-28,1995-03-31,8.8
GLFSURSA,Unemployment rate,Per cent,1995-03-31,1995-03-31,1995-04-30,8.6
GLFSURSA,Unemployment rate,Per cent,1995-04-30,1995-04-30,1995-05-31,8.3
GLFSURSA,Unemployment rate,Per cent,1995-05-31,1995-05-31,1995-06-30,8.5
GLFSURSA,Unemployment rate,Per cent,1995-06-30,1995-06-30,1995-07-31,8.4
GLFSURSA,Unemployment rate,Per cent,1995-07-31,1995-07-31,1995-08-31,8.4
GLFSURSA,Unemployment rate,Per cent,1995-08-31,1995-08-31,1995-09-30,8.3
GLFSURSA,Unemployment rate,Per cent,1995-09-30,1995-09-30,1995-10-31,8.4
GLFSURSA,Unemployment rate,Per cent,1995-10-31,1995-10-31,1995-11-30,8.6
GLFSURSA,Unemployment rate,Per cent,1995-11-30,1995-11-30,1995-12-31,8.5
GLFSURSA,Unemployment rate,Per cent,1995-12-31,1995-12-31,1996-01-31,8.1
GLFSURSA,Unemployment rate,Per cent,1996-01-31,1996-01-31,1996-02-29,8.5
GLFSURSA,Unemployment rate,Per cent,1996-02-29,1996-02-29,1996-03-31,8.3
GLFSURSA,Unemployment rate,Per cent,1996-03-31,1996-03-31,1996-04-30,8.4
GLFSURSA,Unemployment rate,Per cent,1996-04-30,1996-04-30,1996-05-31,8.6
GLFSURSA,Unemployment rate,Per cent,1996-05-31,1996-05-31,1996-06-30,8.4
GLFSURSA,Unemployment rate,Per cent,1996-06-30,1996-06-30,1996-07-31,8.3
GLFSURSA,Unemployment rate,Per cent,1996-07-31,1996-07-31,1996-08-31,8.6
GLFSURSA,Unemployment rate,Per cent,1996-08-31,1996-08-31,1996-09-30,8.7
GLFSURSA,Unemployment rate,Per cent,1996-09-30,1996-09-30,1996-10-31,8.6
GLFSURSA,Unemployment rate,Per cent,1996-10-31,1996-10-31,1996-11-30,8.8
GLFSURSA,Unemployment rate,Per cent,1996-11-30,1996-11-30,1996-12-31,8.5
GLFSURSA,Unemployment rate,Per cent,1996-12-31,1996-12-31,1997-01-31,8.6
GLFSURSA,Unemployment rate,Per cent,1997-01-31,1997-01-31,1997-02-28,8.6
GLFSURSA,Unemployment rate,Per cent,1997-02-28,1997-02-28,1997-03-31,8.7
GLFSURSA,Unemployment rate,Per cent,1997-03-31,1997-03-31,1997-04-30,8.6
GLFSURSA,Unemployment rate,Per cent,1997-04-30,1997-04-30,1997-05-31,8.6
GLFSURSA,Unemployment rate,Per cent,1997-05-31,1997-05-31,1997-06-30,8.5
GLFSURSA,Unemployment rate,Per cent,1997-06-30,1997-06-30,1997-07-31,8.3
GLFSURSA,Unemployment rate,Per cent,1997-07-31,1997-07-31,1997-08-31,8.6
GLFSURSA,Unemployment rate,Per cent,1997-08-31,1997-08-31,1997-09-30,8.5
GLFSURSA,Unemployment rate,Per cent,1997-09-30,1997-09-30,1997-10-31,8.1
GLFSURSA,Unemployment rate,Per cent,1997-10-31,1997-10-31,1997-11-30,8.0
GLFSURSA,Unemployment rate,Per cent,1997-11-30,1997-11-30,1997-12-31,8.0
GLFSURSA,Unemployment rate,Per cent,1997-12-31,1997-12-31,1998-01-31,7.9
GLFSURSA,Unemployment rate,Per cent,1998-01-31,1998-01-31,1998-02-28,7.9
GLFSURSA,Unemployment rate,Per cent,1998-02-28,1998-02-28,1998-03-31,7.8
GLFSURSA,Unemployment rate,Per cent,1998-03-31,1998-03-31,1998-04-30,7.9
GLFSURSA,Unemployment rate,Per cent,1998-04-30,1998-04-30,1998-05-31,7.6
GLFSURSA,Unemployment rate,Per cent,1998-05-31,1998-05-31,1998-06-30,7.8
GLFSURSA,Unemployment rate,Per cent,1998-06-30,1998-06-30,1998-07-31,7.8
GLFSURSA,Unemployment rate,Per cent,1998-07-31,1998-07-31,1998-08-31,8.0
GLFSURSA,Unemployment rate,Per cent,1998-08-31,1998-08-31,1998-09-30,7.8
GLFSURSA,Unemployment rate,Per cent,1998-09-30,1998-09-30,1998-10-31,7.6
GLFSURSA,Unemployment rate,Per cent,1998-10-31,1998-10-31,1998-11-30,7.3
GLFSURSA,Unemployment rate,Per cent,1998-11-30,1998-11-30,1998-12-31,7.6
GLFSURSA,Unemployment rate,Per cent,1998-12-31,1998-12-31,1999-01-31,7.2
GLFSURSA,Unemployment rate,Per cent,1999-01-31,1999-01-31,1999-02-28,7.1
GLFSURSA,Unemployment rate,Per cent,1999-02-28,1999-02-28,1999-03-31,7.1
GLFSURSA,Unemployment rate,Per cent,1999-03-31,1999-03-31,1999-04-30,7.0
GLFSURSA,Unemployment rate,Per cent,1999-04-30,1999-04-30,1999-05-31,7.0
GLFSURSA,Unemployment rate,Per cent,1999-05-31,1999-05-31,1999-06-30,7.0
GLFSURSA,Unemployment rate,Per cent,1999-06-30,1999-06-30,1999-07-31,6.7
GLFSURSA,Unemployment rate,Per cent,1999-07-31,1999-07-31,1999-08-31,6.7
GLFSURSA,Unemployment rate,Per cent,1999-08-31,1999-08-31,1999-09-30,6.9
GLFSURSA,Unemployment rate,Per cent,1999-09-30,1999-09-30,1999-10-31,7.0
GLFSURSA,Unemployment rate,Per cent,1999-10-31,1999-10-31,1999-11-30,6.8
GLFSURSA,Unemployment rate,Per cent,1999-11-30,1999-11-30,1999-12-31,6.4
GLFSURSA,Unemployment rate,Per cent,1999-12-31,1999-12-31,2000-01-31,6.7
GLFSURSA,Unemployment rate,Per cent,2000-01-31,2000-01-31,2000-02-29,6.8
GLFSURSA,Unemployment rate,Per cent,2000-02-29,2000-02-29,2000-03-31,6.6
GLFSURSA,Unemployment rate,Per cent,2000-03-31,2000-03-31,2000-04-30,6.6
GLFSURSA,Unemployment rate,Per cent,2000-04-30,2000-04-30,2000-05-31,6.4
GLFSURSA,Unemployment rate,Per cent,2000-05-31,2000-05-31,2000-06-30,6.4
GLFSURSA,Unemployment rate,Per cent,2000-06-30,2000-06-30,2000-07-31,6.1
GLFSURSA,Unemployment rate,Per cent,2000-07-31,2000-07-31,2000-08-31,6.0
GLFSURSA,Unemployment rate,Per cent,2000-08-31,2000-08-31,2000-09-30,6.1
GLFSURSA,Unemployment rate,Per cent,2000-09-30,2000-09-30,2000-10-31,6.0
GLFSURSA,Unemployment rate,Per cent,2000-10-31,2000-10-31,2000-11-30,6.0
GLFSURSA,Unemployment rate,Per cent,2000-11-30,2000-11-30,2000-12-31,6.3
GLFSURSA,Unemployment rate,Per cent,2000-12-31,2000-12-31,2001-01-31,6.2
GLFSURSA,Unemployment rate,Per cent,2001-01-31,2001-01-31,2001-02-28,6.1
GLFSURSA,Unemployment rate,Per cent,2001-02-28,2001-02-28,2001-03-31,6.5
GLFSURSA,Unemployment rate,Per cent,2001-03-31,2001-03-31,2001-04-30,6.5
GLFSURSA,Unemployment rate,Per cent,2001-04-30,2001-04-30,2001-05-31,6.8
GLFSURSA,Unemployment rate,Per cent,2001-05-31,2001-05-31,2001-06-30,6.9
GLFSURSA,Unemployment rate,Per cent,2001-06-30,2001-06-30,2001-07-31,6.9
GLFSURSA,Unemployment rate,Per cent,2001-07-31,2001-07-31,2001-08-31,6.9
GLFSURSA,Unemployment rate,Per cent,2001-08-31,2001-08-31,2001-09-30,6.9
GLFSURSA,Unemployment rate,Per cent,2001-09-30,2001-09-30,2001-10-31,6.8
GLFSURSA,Unemployment rate,Per cent,2001-10-31,2001-10-31,2001-11-30,7.2
GLFSURSA,Unemployment rate,Per cent,2001-11-30,2001-11-30,2001-12-31,6.9
GLFSURSA,Unemployment rate,Per cent,2001-12-31,2001-12-31,2002-01-31,6.9
GLFSURSA,Unemployment rate,Per cent,2002-01-31,2002-01-31,2002-02-28,6.9
GLFSURSA,Unemployment rate,Per cent,2002-02-28,2002-02-28,2002-03-31,6.5
GLFSURSA,Unemployment rate,Per cent,2002-03-31,2002-03-31,2002-04-30,6.4
GLFSURSA,Unemployment rate,Per cent,2002-04-30,2002-04-30,2002-05-31,6.3
GLFSURSA,Unemployment rate,Per cent,2002-05-31,2002-05-31,2002-06-30,6.4
GLFSURSA,Unemployment rate,Per cent,2002-06-30,2002-06-30,2002-07-31,6.5
GLFSURSA,Unemployment rate,Per cent,2002-07-31,2002-07-31,2002-08-31,6.2
GLFSURSA,Unemployment rate,Per cent,2002-08-31,2002-08-31,2002-09-30,6.3
GLFSURSA,Unemployment rate,Per cent,2002-09-30,2002-09-30,2002-10-31,6.3
GLFSURSA,Unemployment rate,Per cent,2002-10-31,2002-10-31,2002-11-30,6.1
GLFSURSA,Unemployment rate,Per cent,2002-11-30,2002-11-30,2002-12-31,6.2
GLFSURSA,Unemployment rate,Per cent,2002-12-31,2002-12-31,2003-01-31,6.2
GLFSURSA,Unemployment rate,Per cent,2003-01-31,2003-01-31,2003-02-28,6.1
GLFSURSA,Unemployment rate,Per cent,2003-02-28,2003-02-28,2003-03-31,6.0
GLFSURSA,Unemployment rate,Per cent,2003-03-31,2003-03-31,2003-04-30,6.1
GLFSURSA,Unemployment rate,Per cent,2003-04-30,2003-04-30,2003-05-31,6.0
GLFSURSA,Unemployment rate,Per cent,2003-05-31,2003-05-31,2003-06-30,6.1
GLFSURSA,Unemployment rate,Per cent,2003-06-30,2003-06-30,2003-07-31,6.1
GLFSURSA,Unemployment rate,Per cent,2003-07-31,2003-07-31,2003-08-31,6.1
GLFSURSA,Unemployment rate,Per cent,2003-08-31,2003-08-31,2003-09-30,5.8
GLFSURSA,Unemployment rate,Per cent,2003-09-30,2003-09-30,2003-10-31,5.8
GLFSURSA,Unemployment rate,Per cent,2003-10-31,2003-10-31,2003-11-30,5.8
GLFSURSA,Unemployment rate,Per cent,2003-11-30,2003-11-30,2003-12-31,5.7
GLFSURSA,Unemployment rate,Per cent,2003-12-31,2003-12-31,2004-01-31,5.7
GLFSURSA,Unemployment rate,Per cent,2004-01-31,2004-01-31,2004-02-29,5.5
GLFSURSA,Unemployment rate,Per cent,2004-02-29,2004-02-29,2004-03-31,5.6
GLFSURSA,Unemployment rate,Per cent,2004-03-31,2004-03-31,2004-04-30,5.4
GLFSURSA,Unemployment rate,Per cent,2004-04-30,2004-04-30,2004-05-31,5.5
GLFSURSA,Unemployment rate,Per cent,2004-05-31,2004-05-31,2004-06-30,5.3
GLFSURSA,Unemployment rate,Per cent,2004-06-30,2004-06-30,2004-07-31,5.5
GLFSURSA,Unemployment rate,Per cent,2004-07-31,2004-07-31,2004-08-31,5.6
GLFSURSA,Unemployment rate,Per cent,2004-08-31,2004-08-31,2004-09-30,5.5
GLFSURSA,Unemployment rate,Per cent,2004-09-30,2004-09-30,2004-10-31,5.4
GLFSURSA,Unemployment rate,Per cent,2004-10-31,2004-10-31,2004-11-30,5.1
GLFSURSA,Unemployment rate,Per cent,2004-11-30,2004-11-30,2004-12-31,5.2
GLFSURSA,Unemployment rate,Per cent,2004-12-31,2004-12-31,2005-01-31,5.1
GLFSURSA,Unemployment rate,Per cent,2005-01-31,2005-01-31,2005-02-28,5.1
GLFSURSA,Unemployment rate,Per cent,2005-02-28,2005-02-28,2005-03-31,5.1
GLFSURSA,Unemployment rate,Per cent,2005-03-31,2005-03-31,2005-04-30,5.2
GLFSURSA,Unemployment rate,Per cent,2005-04-30,2005-04-30,2005-05-31,5.1
GLFSURSA,Unemployment rate,Per cent,2005-05-31,2005-05-31,2005-06-30,5.1
GLFSURSA,Unemployment rate,Per cent,2005-06-30,2005-06-30,2005-07-31,5.0
GLFSURSA,Unemployment rate,Per cent,2005-07-31,2005-07-31,2005-08-31,5.0
GLFSURSA,Unemployment rate,Per cent,2005-08-31,2005-08-31,2005-09-30,4.9
GLFSURSA,Unemployment rate,Per cent,2005-09-30,2005-09-30,2005-10-31,5.0
GLFSURSA,Unemployment rate,Per cent,2005-10-31,2005-10-31,2005-11-30,5.0
GLFSURSA,Unemployment rate,Per cent,2005-11-30,2005-11-30,2005-12-31,4.9
GLFSURSA,Unemployment rate,Per cent,2005-12-31,2005-12-31,2006-01-31,5.1
GLFSURSA,Unemployment rate,Per cent,2006-01-31,2006-01-31,2006-02-28,5.2
GLFSURSA,Unemployment rate,Per cent,2006-02-28,2006-02-28,2006-03-31,5.1
GLFSURSA,Unemployment rate,Per cent,2006-03-31,2006-03-31,2006-04-30,4.9
GLFSURSA,Unemployment rate,Per cent,2006-04-30,2006-04-30,2006-05-31,5.0
GLFSURSA,Unemployment rate,Per cent,2006-05-31,2006-05-31,2006-06-30,4.8
GLFSURSA,Unemployment rate,Per cent,2006-06-30,2006-06-30,2006-07-31,4.8
GLFSURSA,Unemployment rate,Per cent,2006-07-31,2006-07-31,2006-08-31,4.7
GLFSURSA,Unemployment rate,Per cent,2006-08-31,2006-08-31,2006-09-30,4.7
GLFSURSA,Unemployment rate,Per cent,2006-09-30,2006-09-30,2006-10-31,4.7
GLFSURSA,Unemployment rate,Per cent,2006-10-31,2006-10-31,2006-11-30,4.5
GLFSURSA,Unemployment rate,Per cent,2006-11-30,2006-11-30,2006-12-31,4.5
GLFSURSA,Unemployment rate,Per cent,2006-12-31,2006-12-31,2007-01-31,4.6
GLFSURSA,Unemployment rate,Per cent,2007-01-31,2007-01-31,2007-02-28,4.6
GLFSURSA,Unemployment rate,Per cent,2007-02-28,2007-02-28,2007-03-31,4.6
GLFSURSA,Unemployment rate,Per cent,2007-03-31,2007-03-31,2007-04-30,4.5
GLFSURSA,Unemployment rate,Per cent,2007-04-30,2007-04-30,2007-05-31,4.4
GLFSURSA,Unemployment rate,Per cent,2007-05-31,2007-05-31,2007-06-30,4.3
GLFSURSA,Unemployment rate,Per cent,2007-06-30,2007-06-30,2007-07-31,4.3
GLFSURSA,Unemployment rate,Per cent,2007-07-31,2007-07-31,2007-08-31,4.3
GLFSURSA,Unemployment rate,Per cent,2007-08-31,2007-08-31,2007-09-30,4.3
GLFSURSA,Unemployment rate,Per cent,2007-09-30,2007-09-30,2007-10-31,4.2
GLFSURSA,Unemployment rate,Per cent,2007-10-31,2007-10-31,2007-11-30,4.3
GLFSURSA,Unemployment rate,Per cent,2007-11-30,2007-11-30,2007-12-31,4.4
GLFSURSA,Unemployment rate,Per cent,2007-12-31,2007-12-31,2008-01-31,4.3
GLFSURSA,Unemployment rate,Per cent,2008-01-31,2008-01-31,2008-02-29,4.2
GLFSURSA,Unemployment rate,Per cent,2008-02-29,2008-02-29,2008-03-31,4.0
GLFSURSA,Unemployment rate,Per cent,2008-03-31,2008-03-31,2008-04-30,4.1
GLFSURSA,Unemployment rate,Per cent,2008-04-30,2008-04-30,2008-05-31,4.3
GLFSURSA,Unemployment rate,Per cent,2008-05-31,2008-05-31,2008-06-30,4.3
GLFSURSA,Unemployment rate,Per cent,2008-06-30,2008-06-30,2008-07-31,4.2
GLFSURSA,Unemployment rate,Per cent,2008-07-31,2008-07-31,2008-08-31,4.3
GLFSURSA,Unemployment rate,Per cent,2008-08-31,2008-08-31,2008-09-30,4.0
GLFSURSA,Unemployment rate,Per cent,2008-09-30,2008-09-30,2008-10-31,4.3
GLFSURSA,Unemployment rate,Per cent,2008-10-31,2008-10-31,2008-11-30,4.3
GLFSURSA,Unemployment rate,Per cent,2008-11-30,2008-11-30,2008-12-31,4.5
GLFSURSA,Unemployment rate,Per cent,2008-12-31,2008-12-31,2009-01-31,4.6
GLFSURSA,Unemployment rate,Per cent,2009-01-31,2009-01-31,2009-02-28,4.9
GLFSURSA,Unemployment rate,Per cent,2009-02-28,2009-02-28,2009-03-31,5.3
GLFSURSA,Unemployment rate,Per cent,2009-03-31,2009-03-31,2009-04-30,5.7
GLFSURSA,Unemployment rate,Per cent,2009-04-30,2009-04-30,2009-05-31,5.5
GLFSURSA,Unemployment rate,Per cent,2009-05-31,2009-05-31,2009-06-30,5.8
GLFSURSA,Unemployment rate,Per cent,2009-06-30,2009-06-30,2009-07-31,5.9
GLFSURSA,Unemployment rate,Per cent,2009-07-31,2009-07-31,2009-08-31,5.7
GLFSURSA,Unemployment rate,Per cent,2009-08-31,2009-08-31,2009-09-30,5.7
GLFSURSA,Unemployment rate,Per cent,2009-09-30,2009-09-30,2009-10-31,5.7
GLFSURSA,Unemployment rate,Per cent,2009-10-31,2009-10-31,2009-11-30,5.6
GLFSURSA,Unemployment rate,Per cent,2009-11-30,2009-11-30,2009-12-31,5.6
GLFSURSA,Unemployment rate,Per cent,2009-12-31,2009-12-31,2010-01-31,5.5
GLFSURSA,Unemployment rate,Per cent,2010-01-31,2010-01-31,2010-02-28,5.3
GLFSURSA,Unemployment rate,Per cent,2010-02-28,2010-02-28,2010-03-31,5.3
GLFSURSA,Unemployment rate,Per cent,2010-03-31,2010-03-31,2010-04-30,5.4
GLFSURSA,Unemployment rate,Per cent,2010-04-30,2010-04-30,2010-05-31,5.5
GLFSURSA,Unemployment rate,Per cent,2010-05-31,2010-05-31,2010-06-30,5.2
GLFSURSA,Unemployment rate,Per cent,2010-06-30,2010-06-30,2010-07-31,5.1
GLFSURSA,Unemployment rate,Per cent,2010-07-31,2010-07-31,2010-08-31,5.3
GLFSURSA,Unemployment rate,Per cent,2010-08-31,2010-08-31,2010-09-30,5.0
GLFSURSA,Unemployment rate,Per cent,2010-09-30,2010-09-30,2010-10-31,5.1
GLFSURSA,Unemployment rate,Per cent,2010-10-31,2010-10-31,2010-11-30,5.3
GLFSURSA,Unemployment rate,Per cent,2010-11-30,2010-11-30,2010-12-31,5.1
GLFSURSA,Unemployment rate,Per cent,2010-12-31,2010-12-31,2011-01-31,4.9
GLFSURSA,Unemployment rate,Per cent,2011-01-31,2011-01-31,2011-02-28,5.0
GLFSURSA,Unemployment rate,Per cent,2011-02-28,2011-02-28,2011-03-31,5.0
GLFSURSA,Unemployment rate,Per cent,2011-03-31,2011-03-31,2011-04-30,4.9
GLFSURSA,Unemployment rate,Per cent,2011-04-30,2011-04-30,2011-05-31,5.0
GLFSURSA,Unemployment rate,Per cent,2011-05-31,2011-05-31,2011-06-30,5.0
GLFSURSA,Unemployment rate,Per cent,2011-06-30,2011-06-30,2011-07-31,4.9
GLFSURSA,Unemployment rate,Per cent,2011-07-31,2011-07-31,2011-08-31,5.1
GLFSURSA,Unemployment rate,Per cent,2011-08-31,2011-08-31,2011-09-30,5.3
GLFSURSA,Unemployment rate,Per cent,2011-09-30,2011-09-30,2011-10-31,5.2
GLFSURSA,Unemployment rate,Per cent,2011-10-31,2011-10-31,2011-11-30,5.2
GLFSURSA,Unemployment rate,Per cent,2011-11-30,2011-11-30,2011-12-31,5.2
GLFSURSA,Unemployment rate,Per cent,2011-12-31,2011-12-31,2012-01-31,5.2
GLFSURSA,Unemployment rate,Per cent,2012-01-31,2012-01-31,2012-02-29,5.0
GLFSURSA,Unemployment rate,Per cent,2012-02-29,2012-02-29,2012-03-31,5.2
GLFSURSA,Unemployment rate,Per cent,2012-03-31,2012-03-31,2012-04-30,5.2
GLFSURSA,Unemployment rate,Per cent,2012-04-30,2012-04-30,2012-05-31,5.0
GLFSURSA,Unemployment rate,Per cent,2012-05-31,2012-05-31,2012-06-30,5.2
GLFSURSA,Unemployment rate,Per cent,2012-06-30,2012-06-30,2012-07-31,5.2
GLFSURSA,Unemployment rate,Per cent,2012-07-31,2012-07-31,2012-08-31,5.2
GLFSURSA,Unemployment rate,Per cent,2012-08-31,2012-08-31,2012-09-30,5.2
GLFSURSA,Unemployment rate,Per cent,2012-09-30,2012-09-30,2012-10-31,5.5
GLFSURSA,Unemployment rate,Per cent,2012-10-31,2012-10-31,2012-11-30,5.4
GLFSURSA,Unemployment rate,Per cent,2012-11-30,2012-11-30,2012-12-31,5.3
GLFSURSA,Unemployment rate,Per cent,2012-12-31,2012-12-31,2013-01-31,5.4
GLFSURSA,Unemployment rate,Per cent,2013-01-31,2013-01-31,2013-02-28,5.4
GLFSURSA,Unemployment rate,Per cent,2013-02-28,2013-02-28,2013-03-31,5.4
GLFSURSA,Unemployment rate,Per cent,2013-03-31,2013-03-31,2013-04-30,5.6
GLFSURSA,Unemployment rate,Per cent,2013-04-30,2013-04-30,2013-05-31,5.6
GLFSURSA,Unemployment rate,Per cent,2013-05-31,2013-05-31,2013-06-30,5.6
GLFSURSA,Unemployment rate,Per cent,2013-06-30,2013-06-30,2013-07-31,5.7
GLFSURSA,Unemployment rate,Per cent,2013-07-31,2013-07-31,2013-08-31,5.6
GLFSURSA,Unemployment rate,Per cent,2013-08-31,2013-08-31,2013-09-30,5.8
GLFSURSA,Unemployment rate,Per cent,2013-09-30,2013-09-30,2013-10-31,5.7
GLFSURSA,Unemployment rate,Per cent,2013-10-31,2013-10-31,2013-11-30,5.8
GLFSURSA,Unemployment rate,Per cent,2013-11-30,2013-11-30,2013-12-31,5.8
GLFSURSA,Unemployment rate,Per cent,2013-12-31,2013-12-31,2014-01-31,5.9
GLFSURSA,Unemployment rate,Per cent,2014-01-31,2014-01-31,2014-02-28,5.9
GLFSURSA,Unemployment rate,Per cent,2014-02-28,2014-02-28,2014-03-31,5.9
GLFSURSA,Unemployment rate,Per cent,2014-03-31,2014-03-31,2014-04-30,5.9
GLFSURSA,Unemployment rate,Per cent,2014-04-30,2014-04-30,2014-05-31,5.8
GLFSURSA,Unemployment rate,Per cent,2014-05-31,2014-05-31,2014-06-30,5.9
GLFSURSA,Unemployment rate,Per cent,2014-06-30,2014-06-30,2014-07-31,6.0
GLFSURSA,Unemployment rate,Per cent,2014-07-31,2014-07-31,2014-08-31,6.2
GLFSURSA,Unemployment rate,Per cent,2014-08-31,2014-08-31,2014-09-30,6.1
GLFSURSA,Unemployment rate,Per cent,2014-09-30,2014-09-30,2014-10-31,6.2
GLFSURSA,Unemployment rate,Per cent,2014-10-31,2014-10-31,2014-11-30,6.4
GLFSURSA,Unemployment rate,Per cent,2014-11-30,2014-11-30,2014-12-31,6.3
GLFSURSA,Unemployment rate,Per cent,2014-12-31,2014-12-31,2015-01-31,6.1
GLFSURSA,Unemployment rate,Per cent,2015-01-31,2015-01-31,2015-02-28,6.4
GLFSURSA,Unemployment rate,Per cent,2015-02-28,2015-02-28,2015-03-31,6.2
GLFSURSA,Unemployment rate,Per cent,2015-03-31,2015-03-31,2015-04-30,6.1
GLFSURSA,Unemployment rate,Per cent,2015-04-30,2015-04-30,2015-05-31,6.1
GLFSURSA,Unemployment rate,Per cent,2015-05-31,2015-05-31,2015-06-30,5.9
GLFSURSA,Unemployment rate,Per cent,2015-06-30,2015-06-30,2015-07-31,6.0
GLFSURSA,Unemployment rate,Per cent,2015-07-31,2015-07-31,2015-08-31,6.3
GLFSURSA,Unemployment rate,Per cent,2015-08-31,2015-08-31,2015-09-30,6.1
GLFSURSA,Unemployment rate,Per cent,2015-09-30,2015-09-30,2015-10-31,6.2
GLFSURSA,Unemployment rate,Per cent,2015-10-31,2015-10-31,2015-11-30,5.9
GLFSURSA,Unemployment rate,Per cent,2015-11-30,2015-11-30,2015-12-31,5.9
GLFSURSA,Unemployment rate,Per cent,2015-12-31,2015-12-31,2016-01-31,5.7
GLFSURSA,Unemployment rate,Per cent,2016-01-31,2016-01-31,2016-02-29,6.0
GLFSURSA,Unemployment rate,Per cent,2016-02-29,2016-02-29,2016-03-31,5.7
GLFSURSA,Unemployment rate,Per cent,2016-03-31,2016-03-31,2016-04-30,5.7
GLFSURSA,Unemployment rate,Per cent,2016-04-30,2016-04-30,2016-05-31,5.6
GLFSURSA,Unemployment rate,Per cent,2016-05-31,2016-05-31,2016-06-30,5.7
GLFSURSA,Unemployment rate,Per cent,2016-06-30,2016-06-30,2016-07-31,5.7
GLFSURSA,Unemployment rate,Per cent,2016-07-31,2016-07-31,2016-08-31,5.7
GLFSURSA,Unemployment rate,Per cent,2016-08-31,2016-08-31,2016-09-30,5.6
GLFSURSA,Unemployment rate,Per cent,2016-09-30,2016-09-30,2016-10-31,5.7
GLFSURSA,Unemployment rate,Per cent,2016-10-31,2016-10-31,2016-11-30,5.6
GLFSURSA,Unemployment rate,Per cent,2016-11-30,2016-11-30,2016-12-31,5.8
GLFSURSA,Unemployment rate,Per cent,2016-12-31,2016-12-31,2017-01-31,5.8
GLFSURSA,Unemployment rate,Per cent,2017-01-31,2017-01-31,2017-02-28,5.7
GLFSURSA,Unemployment rate,Per cent,2017-02-28,2017-02-28,2017-03-31,5.9
GLFSURSA,Unemployment rate,Per cent,2017-03-31,2017-03-31,2017-04-30,5.8
GLFSURSA,Unemployment rate,Per cent,2017-04-30,2017-04-30,2017-05-31,5.6
GLFSURSA,Unemployment rate,Per cent,2017-05-31,2017-05-31,2017-06-30,5.5
GLFSURSA,Unemployment rate,Per cent,2017-06-30,2017-06-30,2017-07-31,5.6
GLFSURSA,Unemployment rate,Per cent,2017-07-31,2017-07-31,2017-08-31,5.6
GLFSURSA,Unemployment rate,Per cent,2017-08-31,2017-08-31,2017-09-30,5.5
GLFSURSA,Unemployment rate,Per cent,2017-09-30,2017-09-30,2017-10-31,5.5
GLFSURSA,Unemployment rate,Per cent,2017-10-31,2017-10-31,2017-11-30,5.4
GLFSURSA,Unemployment rate,Per cent,2017-11-30,2017-11-30,2017-12-31,5.5
GLFSURSA,Unemployment rate,Per cent,2017-12-31,2017-12-31,2018-01-31,5.6
GLFSURSA,Unemployment rate,Per cent,2018-01-31,2018-01-31,2018-02-28,5.5
GLFSURSA,Unemployment rate,Per cent,2018-02-28,2018-02-28,2018-03-31,5.6
GLFSURSA,Unemployment rate,Per cent,2018-03-31,2018-03-31,2018-04-30,5.5
GLFSURSA,Unemployment rate,Per cent,2018-04-30,2018-04-30,2018-05-31,5.5
GLFSURSA,Unemployment rate,Per cent,2018-05-31,2018-05-31,2018-06-30,5.4
GLFSURSA,Unemployment rate,Per cent,2018-06-30,2018-06-30,2018-07-31,5.3
GLFSURSA,Unemployment rate,Per cent,2018-07-31,2018-07-31,2018-08-31,5.3
GLFSURSA,Unemployment rate,Per cent,2018-08-31,2018-08-31,2018-09-30,5.2
GLFSURSA,Unemployment rate,Per cent,2018-09-30,2018-09-30,2018-10-31,5.0
GLFSURSA,Unemployment rate,Per cent,2018-10-31,2018-10-31,2018-11-30,5.0
GLFSURSA,Unemployment rate,Per cent,2018-11-30,2018-11-30,2018-12-31,5.1
GLFSURSA,Unemployment rate,Per cent,2018-12-31,2018-12-31,2019-01-31,5.0
GLFSURSA,Unemployment rate,Per cent,2019-01-31,2019-01-31,2019-02-28,5.0
GLFSURSA,Unemployment rate,Per cent,2019-02-28,2019-02-28,2019-03-31,5.0
GLFSURSA,Unemployment rate,Per cent,2019-03-31,2019-03-31,2019-04-30,5.1
GLFSURSA,Unemployment rate,Per cent,2019-04-30,2019-04-30,2019-05-31,5.2
GLFSURSA,Unemployment rate,Per cent,2019-05-31,2019-05-31,2019-06-30,5.2
GLFSURSA,Unemployment rate,Per cent,2019-06-30,2019-06-30,2019-07-31,5.3
GLFSURSA,Unemployment rate,Per cent,2019-07-31,2019-07-31,2019-08-31,5.3
GLFSURSA,Unemployment rate,Per cent,2019-08-31,2019-08-31,2019-09-30,5.3
GLFSURSA,Unemployment rate,Per cent,2019-09-30,2019-09-30,2019-10-31,5.2
GLFSURSA,Unemployment rate,Per cent,2019-10-31,2019-10-31,2019-11-30,5.3
GLFSURSA,Unemployment rate,Per cent,2019-11-30,2019-11-30,2019-12-31,5.2
GLFSURSA,Unemployment rate,Per cent,2019-12-31,2019-12-31,2020-01-31,5.0
GLFSURSA,Unemployment rate,Per cent,2020-01-31,2020-01-31,2020-02-29,5.2
GLFSURSA,Unemployment rate,Per cent,2020-02-29,2020-02-29,2020-03-31,5.1
GLFSURSA,Unemployment rate,Per cent,2020-03-31,2020-03-31,2020-04-30,5.2
GLFSURSA,Unemployment rate,Per cent,2020-04-30,2020-04-30,2020-05-31,6.3
GLFSURSA,Unemployment rate,Per cent,2020-05-31,2020-05-31,2020-06-30,7.0
GLFSURSA,Unemployment rate,Per cent,2020-06-30,2020-06-30,2020-07-31,7.4
GLFSURSA,Unemployment rate,Per cent,2020-07-31,2020-07-31,2020-08-31,7.4
GLFSURSA,Unemployment rate,Per cent,2020-08-31,2020-08-31,2020-09-30,6.8
GLFSURSA,Unemployment rate,Per cent,2020-09-30,2020-09-30,2020-10-31,6.9
GLFSURSA,Unemployment rate,Per cent,2020-10-31,2020-10-31,2020-11-30,7.0
GLFSURSA,Unemployment rate,Per cent,2020-11-30,2020-11-30,2020-12-31,6.8
GLFSURSA,Unemployment rate,Per cent,2020-12-31,2020-12-31,2021-01-31,6.6
GLFSURSA,Unemployment rate,Per cent,2021-01-31,2021-01-31,2021-02-28,6.3
GLFSURSA,Unemployment rate,Per cent,2021-02-28,2021-02-28,2021-03-31,5.8
GLFSURSA,Unemployment rate,Per cent,2021-03-31,2021-03-31,2021-04-30,5.7
GLFSURSA,Unemployment rate,Per cent,2021-04-30,2021-04-30,2021-05-31,5.5
GLFSURSA,Unemployment rate,Per cent,2021-05-31,2021-05-31,2021-06-30,5.1
GLFSURSA,Unemployment rate,Per cent,2021-06-30,2021-06-30,2021-07-31,5.0
GLFSURSA,Unemployment rate,Per cent,2021-07-31,2021-07-31,2021-08-31,4.7
GLFSURSA,Unemployment rate,Per cent,2021-08-31,2021-08-31,2021-09-30,4.6
GLFSURSA,Unemployment rate,Per cent,2021-09-30,2021-09-30,2021-10-31,4.7
GLFSURSA,Unemployment rate,Per cent,2021-10-31,2021-10-31,2021-11-30,5.2
GLFSURSA,Unemployment rate,Per cent,2021-11-30,2021-11-30,2021-12-31,4.6
GLFSURSA,Unemployment rate,Per cent,2021-12-31,2021-12-31,2022-01-31,4.2
GLFSURSA,Unemployment rate,Per cent,2022-01-31,2022-01-31,2022-02-28,4.2
GLFSURSA,Unemployment rate,Per cent,2022-02-28,2022-02-28,2022-03-31,4.0
GLFSURSA,Unemployment rate,Per cent,2022-03-31,2022-03-31,2022-04-30,4.0
GLFSURSA,Unemployment rate,Per cent,2022-04-30,2022-04-30,2022-05-31,3.8
GLFSURSA,Unemployment rate,Per cent,2022-05-31,2022-05-31,2022-06-30,3.9
GLFSURSA,Unemployment rate,Per cent,2022-06-30,2022-06-30,2022-07-31,3.6
GLFSURSA,Unemployment rate,Per cent,2022-07-31,2022-07-31,2022-08-31,3.5
GLFSURSA,Unemployment rate,Per cent,2022-08-31,2022-08-31,2022-09-30,3.5
GLFSURSA,Unemployment rate,Per cent,2022-09-30,2022-09-30,2022-10-31,3.6
GLFSURSA,Unemployment rate,Per cent,2022-10-31,2022-10-31,2022-11-30,3.4
GLFSURSA,Unemployment rate,Per cent,2022-11-30,2022-11-30,2022-12-31,3.5
GLFSURSA,Unemployment rate,Per cent,2022-12-31,2022-12-31,2023-01-31,3.5
GLFSURSA,Unemployment rate,Per cent,2023-01-31,2023-01-31,2023-02-28,3.7
GLFSURSA,Unemployment rate,Per cent,2023-02-28,2023-02-28,2023-03-31,3.6
GLFSURSA,Unemployment rate,Per cent,2023-03-31,2023-03-31,2023-04-30,3.6
GLFSURSA,Unemployment rate,Per cent,2023-04-30,2023-04-30,2023-05-31,3.7
GLFSURSA,Unemployment rate,Per cent,2023-05-31,2023-05-31,2023-06-30,3.6
GLFSURSA,Unemployment rate,Per cent,2023-06-30,2023-06-30,2023-07-31,3.5
GLFSURSA,Unemployment rate,Per cent,2023-07-31,2023-07-31,2023-08-31,3.7
GLFSURSA,Unemployment rate,Per cent,2023-08-31,2023-08-31,2023-09-30,3.7
GLFSURSA,Unemployment rate,Per cent,2023-09-30,2023-09-30,2023-10-31,3.6
GLFSURSA,Unemployment rate,Per cent,2023-10-31,2023-10-31,2023-11-30,3.8
GLFSURSA,Unemployment rate,Per cent,2023-11-30,2023-11-30,2023-12-31,3.9
GLFSURSA,Unemployment rate,Per cent,2023-12-31,2023-12-31,2024-01-31,4.0
GLFSURSA,Unemployment rate,Per cent,2024-01-31,2024-01-31,2024-02-29,4.1
GLFSURSA,Unemployment rate,Per cent,2024-02-29,2024-02-29,2024-03-31,3.7
GLFSURSA,Unemployment rate,Per cent,2024-03-31,2024-03-31,2024-04-30,3.9
GLFSURSA,Unemployment rate,Per cent,2024-04-30,2024-04-30,2024-05-31,4.1
GLFSURSA,Unemployment rate,Per cent,2024-05-31,2024-05-31,2024-06-30,4.0
GLFSURSA,Unemployment rate,Per cent,2024-06-30,2024-06-30,2024-07-31,4.0
GLFSURSA,Unemployment rate,Per cent,2024-07-31,2024-07-31,2024-08-31,4.2
GLFSURSA,Unemployment rate,Per cent,2024-08-31,2024-08-31,2024-09-30,4.1
GLFSURSA,Unemployment rate,Per cent,2024-09-30,2024-09-30,2024-10-31,4.0
GLFSURSA,Unemployment rate,Per cent,2024-10-31,2024-10-31,2024-11-30,4.1
GLFSURSA,Unemployment rate,Per cent,2024-11-30,2024-11-30,2024-12-31,3.9
GLFSURSA,Unemployment rate,Per cent,2024-12-31,2024-12-31,2025-01-31,4.0
GLFSURSA,Unemployment rate,Per cent,2025-01-31,2025-01-31,2025-02-28,4.1
GLFSURSA,Unemployment rate,Per cent,2025-02-28,2025-02-28,2025-03-31,4.1
GLFSURSA,Unemployment rate,Per cent,2025-03-31,2025-03-31,2025-04-30,4.1
GLFSURSA,Unemployment rate,Per cent,2025-04-30,2025-04-30,2025-05-31,4.1
GLFSURSA,Unemployment rate,Per cent,2025-05-31,2025-05-31,2025-06-30,4.1
GLFSURSA,Unemployment rate,Per cent,2025-06-30,2025-06-30,2025-07-31,4.3
GLFSURSA,Unemployment rate,Per cent,2025-07-31,2025-07-31,2025-08-31,4.3
GLFSURSA,Unemployment rate,Per cent,2025-08-31,2025-08-31,2025-09-30,4.3
GLFSURSA,Unemployment rate,Per cent,2025-09-30,2025-09-30,2025-10-31,4.4
GLFSURSA,Unemployment rate,Per cent,2025-10-31,2025-10-31,2025-11-30,4.3
GLFSURSA,Unemployment rate,Per cent,2025-11-30,2025-11-30,2025-12-31,4.3
GLFSURSA,Unemployment rate,Per cent,2025-12-31,2025-12-31,2026-01-31,4.1
GLFSURSA,Unemployment rate,Per cent,2026-01-31,2026-01-31,2026-02-28,4.1
GLFSURSA,Unemployment rate,Per cent,2026-02-28,2026-02-28,2026-03-31,4.3
GLFSURSA,Unemployment rate,Per cent,2026-03-31,2026-03-31,2026-04-30,4.3
GLFSURSA,Unemployment rate,Per cent,2026-04-30,2026-04-30,2026-05-31,4.5
GRCPAIAD,Commodity price index (A$),Index,1982-07-31,1982-07-31,1982-07-31,22.1
GRCPAIAD,Commodity price index (A$),Index,1982-08-31,1982-08-31,1982-08-31,22.3
GRCPAIAD,Commodity price index (A$),Index,1982-09-30,1982-09-30,1982-09-30,23.1
GRCPAIAD,Commodity price index (A$),Index,1982-10-31,1982-10-31,1982-10-31,23.4
GRCPAIAD,Commodity price index (A$),Index,1982-11-30,1982-11-30,1982-11-30,23.4
GRCPAIAD,Commodity price index (A$),Index,1982-12-31,1982-12-31,1982-12-31,23.0
GRCPAIAD,Commodity price index (A$),Index,1983-01-31,1983-01-31,1983-01-31,23.2
GRCPAIAD,Commodity price index (A$),Index,1983-02-28,1983-02-28,1983-02-28,23.8
GRCPAIAD,Commodity price index (A$),Index,1983-03-31,1983-03-31,1983-03-31,25.1
GRCPAIAD,Commodity price index (A$),Index,1983-04-30,1983-04-30,1983-04-30,25.6
GRCPAIAD,Commodity price index (A$),Index,1983-05-31,1983-05-31,1983-05-31,25.5
GRCPAIAD,Commodity price index (A$),Index,1983-06-30,1983-06-30,1983-06-30,25.4
GRCPAIAD,Commodity price index (A$),Index,1983-07-31,1983-07-31,1983-07-31,25.2
GRCPAIAD,Commodity price index (A$),Index,1983-08-31,1983-08-31,1983-08-31,25.4
GRCPAIAD,Commodity price index (A$),Index,1983-09-30,1983-09-30,1983-09-30,24.8
GRCPAIAD,Commodity price index (A$),Index,1983-10-31,1983-10-31,1983-10-31,24.2
GRCPAIAD,Commodity price index (A$),Index,1983-11-30,1983-11-30,1983-11-30,23.6
GRCPAIAD,Commodity price index (A$),Index,1983-12-31,1983-12-31,1983-12-31,23.7
GRCPAIAD,Commodity price index (A$),Index,1984-01-31,1984-01-31,1984-01-31,23.6
GRCPAIAD,Commodity price index (A$),Index,1984-02-29,1984-02-29,1984-02-29,23.0
GRCPAIAD,Commodity price index (A$),Index,1984-03-31,1984-03-31,1984-03-31,23.1
GRCPAIAD,Commodity price index (A$),Index,1984-04-30,1984-04-30,1984-04-30,23.0
GRCPAIAD,Commodity price index (A$),Index,1984-05-31,1984-05-31,1984-05-31,23.2
GRCPAIAD,Commodity price index (A$),Index,1984-06-30,1984-06-30,1984-06-30,23.5
GRCPAIAD,Commodity price index (A$),Index,1984-07-31,1984-07-31,1984-07-31,23.8
GRCPAIAD,Commodity price index (A$),Index,1984-08-31,1984-08-31,1984-08-31,23.6
GRCPAIAD,Commodity price index (A$),Index,1984-09-30,1984-09-30,1984-09-30,23.6
GRCPAIAD,Commodity price index (A$),Index,1984-10-31,1984-10-31,1984-10-31,23.5
GRCPAIAD,Commodity price index (A$),Index,1984-11-30,1984-11-30,1984-11-30,23.4
GRCPAIAD,Commodity price index (A$),Index,1984-12-31,1984-12-31,1984-12-31,23.2
GRCPAIAD,Commodity price index (A$),Index,1985-01-31,1985-01-31,1985-01-31,23.6
GRCPAIAD,Commodity price index (A$),Index,1985-02-28,1985-02-28,1985-02-28,25.4
GRCPAIAD,Commodity price index (A$),Index,1985-03-31,1985-03-31,1985-03-31,27.0
GRCPAIAD,Commodity price index (A$),Index,1985-04-30,1985-04-30,1985-04-30,28.3
GRCPAIAD,Commodity price index (A$),Index,1985-05-31,1985-05-31,1985-05-31,27.6
GRCPAIAD,Commodity price index (A$),Index,1985-06-30,1985-06-30,1985-06-30,27.4
GRCPAIAD,Commodity price index (A$),Index,1985-07-31,1985-07-31,1985-07-31,26.4
GRCPAIAD,Commodity price index (A$),Index,1985-08-31,1985-08-31,1985-08-31,26.0
GRCPAIAD,Commodity price index (A$),Index,1985-09-30,1985-09-30,1985-09-30,26.6
GRCPAIAD,Commodity price index (A$),Index,1985-10-31,1985-10-31,1985-10-31,26.2
GRCPAIAD,Commodity price index (A$),Index,1985-11-30,1985-11-30,1985-11-30,27.3
GRCPAIAD,Commodity price index (A$),Index,1985-12-31,1985-12-31,1985-12-31,27.3
GRCPAIAD,Commodity price index (A$),Index,1986-01-31,1986-01-31,1986-01-31,26.8
GRCPAIAD,Commodity price index (A$),Index,1986-02-28,1986-02-28,1986-02-28,25.8
GRCPAIAD,Commodity price index (A$),Index,1986-03-31,1986-03-31,1986-03-31,25.8
GRCPAIAD,Commodity price index (A$),Index,1986-04-30,1986-04-30,1986-04-30,25.2
GRCPAIAD,Commodity price index (A$),Index,1986-05-31,1986-05-31,1986-05-31,25.0
GRCPAIAD,Commodity price index (A$),Index,1986-06-30,1986-06-30,1986-06-30,25.2
GRCPAIAD,Commodity price index (A$),Index,1986-07-31,1986-07-31,1986-07-31,26.2
GRCPAIAD,Commodity price index (A$),Index,1986-08-31,1986-08-31,1986-08-31,27.6
GRCPAIAD,Commodity price index (A$),Index,1986-09-30,1986-09-30,1986-09-30,27.7
GRCPAIAD,Commodity price index (A$),Index,1986-10-31,1986-10-31,1986-10-31,27.3
GRCPAIAD,Commodity price index (A$),Index,1986-11-30,1986-11-30,1986-11-30,27.2
GRCPAIAD,Commodity price index (A$),Index,1986-12-31,1986-12-31,1986-12-31,26.7
GRCPAIAD,Commodity price index (A$),Index,1987-01-31,1987-01-31,1987-01-31,26.9
GRCPAIAD,Commodity price index (A$),Index,1987-02-28,1987-02-28,1987-02-28,27.7
GRCPAIAD,Commodity price index (A$),Index,1987-03-31,1987-03-31,1987-03-31,27.6
GRCPAIAD,Commodity price index (A$),Index,1987-04-30,1987-04-30,1987-04-30,27.0
GRCPAIAD,Commodity price index (A$),Index,1987-05-31,1987-05-31,1987-05-31,27.2
GRCPAIAD,Commodity price index (A$),Index,1987-06-30,1987-06-30,1987-06-30,26.8
GRCPAIAD,Commodity price index (A$),Index,1987-07-31,1987-07-31,1987-07-31,27.2
GRCPAIAD,Commodity price index (A$),Index,1987-08-31,1987-08-31,1987-08-31,28.2
GRCPAIAD,Commodity price index (A$),Index,1987-09-30,1987-09-30,1987-09-30,27.3
GRCPAIAD,Commodity price index (A$),Index,1987-10-31,1987-10-31,1987-10-31,28.4
GRCPAIAD,Commodity price index (A$),Index,1987-11-30,1987-11-30,1987-11-30,29.5
GRCPAIAD,Commodity price index (A$),Index,1987-12-31,1987-12-31,1987-12-31,29.7
GRCPAIAD,Commodity price index (A$),Index,1988-01-31,1988-01-31,1988-01-31,30.1
GRCPAIAD,Commodity price index (A$),Index,1988-02-29,1988-02-29,1988-02-29,30.9
GRCPAIAD,Commodity price index (A$),Index,1988-03-31,1988-03-31,1988-03-31,31.0
GRCPAIAD,Commodity price index (A$),Index,1988-04-30,1988-04-30,1988-04-30,31.1
GRCPAIAD,Commodity price index (A$),Index,1988-05-31,1988-05-31,1988-05-31,30.8
GRCPAIAD,Commodity price index (A$),Index,1988-06-30,1988-06-30,1988-06-30,31.4
GRCPAIAD,Commodity price index (A$),Index,1988-07-31,1988-07-31,1988-07-31,30.8
GRCPAIAD,Commodity price index (A$),Index,1988-08-31,1988-08-31,1988-08-31,30.2
GRCPAIAD,Commodity price index (A$),Index,1988-09-30,1988-09-30,1988-09-30,30.1
GRCPAIAD,Commodity price index (A$),Index,1988-10-31,1988-10-31,1988-10-31,29.8
GRCPAIAD,Commodity price index (A$),Index,1988-11-30,1988-11-30,1988-11-30,28.7
GRCPAIAD,Commodity price index (A$),Index,1988-12-31,1988-12-31,1988-12-31,29.0
GRCPAIAD,Commodity price index (A$),Index,1989-01-31,1989-01-31,1989-01-31,28.7
GRCPAIAD,Commodity price index (A$),Index,1989-02-28,1989-02-28,1989-02-28,28.7
GRCPAIAD,Commodity price index (A$),Index,1989-03-31,1989-03-31,1989-03-31,30.1
GRCPAIAD,Commodity price index (A$),Index,1989-04-30,1989-04-30,1989-04-30,30.7
GRCPAIAD,Commodity price index (A$),Index,1989-05-31,1989-05-31,1989-05-31,31.7
GRCPAIAD,Commodity price index (A$),Index,1989-06-30,1989-06-30,1989-06-30,31.9
GRCPAIAD,Commodity price index (A$),Index,1989-07-31,1989-07-31,1989-07-31,31.8
GRCPAIAD,Commodity price index (A$),Index,1989-08-31,1989-08-31,1989-08-31,31.8
GRCPAIAD,Commodity price index (A$),Index,1989-09-30,1989-09-30,1989-09-30,31.4
GRCPAIAD,Commodity price index (A$),Index,1989-10-31,1989-10-31,1989-10-31,31.8
GRCPAIAD,Commodity price index (A$),Index,1989-11-30,1989-11-30,1989-11-30,31.6
GRCPAIAD,Commodity price index (A$),Index,1989-12-31,1989-12-31,1989-12-31,31.4
GRCPAIAD,Commodity price index (A$),Index,1990-01-31,1990-01-31,1990-01-31,31.3
GRCPAIAD,Commodity price index (A$),Index,1990-02-28,1990-02-28,1990-02-28,31.7
GRCPAIAD,Commodity price index (A$),Index,1990-03-31,1990-03-31,1990-03-31,32.0
GRCPAIAD,Commodity price index (A$),Index,1990-04-30,1990-04-30,1990-04-30,31.8
GRCPAIAD,Commodity price index (A$),Index,1990-05-31,1990-05-31,1990-05-31,31.8
GRCPAIAD,Commodity price index (A$),Index,1990-06-30,1990-06-30,1990-06-30,30.1
GRCPAIAD,Commodity price index (A$),Index,1990-07-31,1990-07-31,1990-07-31,29.4
GRCPAIAD,Commodity price index (A$),Index,1990-08-31,1990-08-31,1990-08-31,29.9
GRCPAIAD,Commodity price index (A$),Index,1990-09-30,1990-09-30,1990-09-30,30.1
GRCPAIAD,Commodity price index (A$),Index,1990-10-31,1990-10-31,1990-10-31,30.4
GRCPAIAD,Commodity price index (A$),Index,1990-11-30,1990-11-30,1990-11-30,30.4
GRCPAIAD,Commodity price index (A$),Index,1990-12-31,1990-12-31,1990-12-31,29.9
GRCPAIAD,Commodity price index (A$),Index,1991-01-31,1991-01-31,1991-01-31,29.3
GRCPAIAD,Commodity price index (A$),Index,1991-02-28,1991-02-28,1991-02-28,27.7
GRCPAIAD,Commodity price index (A$),Index,1991-03-31,1991-03-31,1991-03-31,28.1
GRCPAIAD,Commodity price index (A$),Index,1991-04-30,1991-04-30,1991-04-30,27.8
GRCPAIAD,Commodity price index (A$),Index,1991-05-31,1991-05-31,1991-05-31,27.9
GRCPAIAD,Commodity price index (A$),Index,1991-06-30,1991-06-30,1991-06-30,28.8
GRCPAIAD,Commodity price index (A$),Index,1991-07-31,1991-07-31,1991-07-31,28.3
GRCPAIAD,Commodity price index (A$),Index,1991-08-31,1991-08-31,1991-08-31,27.6
GRCPAIAD,Commodity price index (A$),Index,1991-09-30,1991-09-30,1991-09-30,27.2
GRCPAIAD,Commodity price index (A$),Index,1991-10-31,1991-10-31,1991-10-31,27.3
GRCPAIAD,Commodity price index (A$),Index,1991-11-30,1991-11-30,1991-11-30,27.8
GRCPAIAD,Commodity price index (A$),Index,1991-12-31,1991-12-31,1991-12-31,28.6
GRCPAIAD,Commodity price index (A$),Index,1992-01-31,1992-01-31,1992-01-31,29.4
GRCPAIAD,Commodity price index (A$),Index,1992-02-29,1992-02-29,1992-02-29,29.5
GRCPAIAD,Commodity price index (A$),Index,1992-03-31,1992-03-31,1992-03-31,28.9
GRCPAIAD,Commodity price index (A$),Index,1992-04-30,1992-04-30,1992-04-30,28.4
GRCPAIAD,Commodity price index (A$),Index,1992-05-31,1992-05-31,1992-05-31,28.6
GRCPAIAD,Commodity price index (A$),Index,1992-06-30,1992-06-30,1992-06-30,28.7
GRCPAIAD,Commodity price index (A$),Index,1992-07-31,1992-07-31,1992-07-31,29.2
GRCPAIAD,Commodity price index (A$),Index,1992-08-31,1992-08-31,1992-08-31,29.6
GRCPAIAD,Commodity price index (A$),Index,1992-09-30,1992-09-30,1992-09-30,29.7
GRCPAIAD,Commodity price index (A$),Index,1992-10-31,1992-10-31,1992-10-31,29.6
GRCPAIAD,Commodity price index (A$),Index,1992-11-30,1992-11-30,1992-11-30,29.8
GRCPAIAD,Commodity price index (A$),Index,1992-12-31,1992-12-31,1992-12-31,29.8
GRCPAIAD,Commodity price index (A$),Index,1993-01-31,1993-01-31,1993-01-31,30.7
GRCPAIAD,Commodity price index (A$),Index,1993-02-28,1993-02-28,1993-02-28,30.3
GRCPAIAD,Commodity price index (A$),Index,1993-03-31,1993-03-31,1993-03-31,28.6
GRCPAIAD,Commodity price index (A$),Index,1993-04-30,1993-04-30,1993-04-30,28.2
GRCPAIAD,Commodity price index (A$),Index,1993-05-31,1993-05-31,1993-05-31,28.9
GRCPAIAD,Commodity price index (A$),Index,1993-06-30,1993-06-30,1993-06-30,29.6
GRCPAIAD,Commodity price index (A$),Index,1993-07-31,1993-07-31,1993-07-31,30.0
GRCPAIAD,Commodity price index (A$),Index,1993-08-31,1993-08-31,1993-08-31,29.6
GRCPAIAD,Commodity price index (A$),Index,1993-09-30,1993-09-30,1993-09-30,30.1
GRCPAIAD,Commodity price index (A$),Index,1993-10-31,1993-10-31,1993-10-31,29.9
GRCPAIAD,Commodity price index (A$),Index,1993-11-30,1993-11-30,1993-11-30,29.7
GRCPAIAD,Commodity price index (A$),Index,1993-12-31,1993-12-31,1993-12-31,29.8
GRCPAIAD,Commodity price index (A$),Index,1994-01-31,1994-01-31,1994-01-31,29.6
GRCPAIAD,Commodity price index (A$),Index,1994-02-28,1994-02-28,1994-02-28,29.1
GRCPAIAD,Commodity price index (A$),Index,1994-03-31,1994-03-31,1994-03-31,29.2
GRCPAIAD,Commodity price index (A$),Index,1994-04-30,1994-04-30,1994-04-30,28.6
GRCPAIAD,Commodity price index (A$),Index,1994-05-31,1994-05-31,1994-05-31,28.5
GRCPAIAD,Commodity price index (A$),Index,1994-06-30,1994-06-30,1994-06-30,28.4
GRCPAIAD,Commodity price index (A$),Index,1994-07-31,1994-07-31,1994-07-31,28.6
GRCPAIAD,Commodity price index (A$),Index,1994-08-31,1994-08-31,1994-08-31,28.4
GRCPAIAD,Commodity price index (A$),Index,1994-09-30,1994-09-30,1994-09-30,29.1
GRCPAIAD,Commodity price index (A$),Index,1994-10-31,1994-10-31,1994-10-31,29.2
GRCPAIAD,Commodity price index (A$),Index,1994-11-30,1994-11-30,1994-11-30,29.3
GRCPAIAD,Commodity price index (A$),Index,1994-12-31,1994-12-31,1994-12-31,28.9
GRCPAIAD,Commodity price index (A$),Index,1995-01-31,1995-01-31,1995-01-31,29.8
GRCPAIAD,Commodity price index (A$),Index,1995-02-28,1995-02-28,1995-02-28,29.9
GRCPAIAD,Commodity price index (A$),Index,1995-03-31,1995-03-31,1995-03-31,30.3
GRCPAIAD,Commodity price index (A$),Index,1995-04-30,1995-04-30,1995-04-30,30.5
GRCPAIAD,Commodity price index (A$),Index,1995-05-31,1995-05-31,1995-05-31,30.9
GRCPAIAD,Commodity price index (A$),Index,1995-06-30,1995-06-30,1995-06-30,31.6
GRCPAIAD,Commodity price index (A$),Index,1995-07-31,1995-07-31,1995-07-31,31.3
GRCPAIAD,Commodity price index (A$),Index,1995-08-31,1995-08-31,1995-08-31,30.7
GRCPAIAD,Commodity price index (A$),Index,1995-09-30,1995-09-30,1995-09-30,30.2
GRCPAIAD,Commodity price index (A$),Index,1995-10-31,1995-10-31,1995-10-31,29.6
GRCPAIAD,Commodity price index (A$),Index,1995-11-30,1995-11-30,1995-11-30,30.4
GRCPAIAD,Commodity price index (A$),Index,1995-12-31,1995-12-31,1995-12-31,30.5
GRCPAIAD,Commodity price index (A$),Index,1996-01-31,1996-01-31,1996-01-31,30.5
GRCPAIAD,Commodity price index (A$),Index,1996-02-29,1996-02-29,1996-02-29,30.1
GRCPAIAD,Commodity price index (A$),Index,1996-03-31,1996-03-31,1996-03-31,29.4
GRCPAIAD,Commodity price index (A$),Index,1996-04-30,1996-04-30,1996-04-30,29.1
GRCPAIAD,Commodity price index (A$),Index,1996-05-31,1996-05-31,1996-05-31,28.9
GRCPAIAD,Commodity price index (A$),Index,1996-06-30,1996-06-30,1996-06-30,28.7
GRCPAIAD,Commodity price index (A$),Index,1996-07-31,1996-07-31,1996-07-31,28.5
GRCPAIAD,Commodity price index (A$),Index,1996-08-31,1996-08-31,1996-08-31,28.8
GRCPAIAD,Commodity price index (A$),Index,1996-09-30,1996-09-30,1996-09-30,28.4
GRCPAIAD,Commodity price index (A$),Index,1996-10-31,1996-10-31,1996-10-31,28.4
GRCPAIAD,Commodity price index (A$),Index,1996-11-30,1996-11-30,1996-11-30,28.0
GRCPAIAD,Commodity price index (A$),Index,1996-12-31,1996-12-31,1996-12-31,27.9
GRCPAIAD,Commodity price index (A$),Index,1997-01-31,1997-01-31,1997-01-31,28.7
GRCPAIAD,Commodity price index (A$),Index,1997-02-28,1997-02-28,1997-02-28,29.1
GRCPAIAD,Commodity price index (A$),Index,1997-03-31,1997-03-31,1997-03-31,28.8
GRCPAIAD,Commodity price index (A$),Index,1997-04-30,1997-04-30,1997-04-30,28.8
GRCPAIAD,Commodity price index (A$),Index,1997-05-31,1997-05-31,1997-05-31,29.0
GRCPAIAD,Commodity price index (A$),Index,1997-06-30,1997-06-30,1997-06-30,29.2
GRCPAIAD,Commodity price index (A$),Index,1997-07-31,1997-07-31,1997-07-31,29.2
GRCPAIAD,Commodity price index (A$),Index,1997-08-31,1997-08-31,1997-08-31,29.5
GRCPAIAD,Commodity price index (A$),Index,1997-09-30,1997-09-30,1997-09-30,29.9
GRCPAIAD,Commodity price index (A$),Index,1997-10-31,1997-10-31,1997-10-31,29.8
GRCPAIAD,Commodity price index (A$),Index,1997-11-30,1997-11-30,1997-11-30,30.6
GRCPAIAD,Commodity price index (A$),Index,1997-12-31,1997-12-31,1997-12-31,31.2
GRCPAIAD,Commodity price index (A$),Index,1998-01-31,1998-01-31,1998-01-31,30.7
GRCPAIAD,Commodity price index (A$),Index,1998-02-28,1998-02-28,1998-02-28,29.8
GRCPAIAD,Commodity price index (A$),Index,1998-03-31,1998-03-31,1998-03-31,29.8
GRCPAIAD,Commodity price index (A$),Index,1998-04-30,1998-04-30,1998-04-30,30.4
GRCPAIAD,Commodity price index (A$),Index,1998-05-31,1998-05-31,1998-05-31,30.7
GRCPAIAD,Commodity price index (A$),Index,1998-06-30,1998-06-30,1998-06-30,31.1
GRCPAIAD,Commodity price index (A$),Index,1998-07-31,1998-07-31,1998-07-31,30.1
GRCPAIAD,Commodity price index (A$),Index,1998-08-31,1998-08-31,1998-08-31,31.0
GRCPAIAD,Commodity price index (A$),Index,1998-09-30,1998-09-30,1998-09-30,30.7
GRCPAIAD,Commodity price index (A$),Index,1998-10-31,1998-10-31,1998-10-31,29.5
GRCPAIAD,Commodity price index (A$),Index,1998-11-30,1998-11-30,1998-11-30,28.6
GRCPAIAD,Commodity price index (A$),Index,1998-12-31,1998-12-31,1998-12-31,28.7
GRCPAIAD,Commodity price index (A$),Index,1999-01-31,1999-01-31,1999-01-31,28.4
GRCPAIAD,Commodity price index (A$),Index,1999-02-28,1999-02-28,1999-02-28,27.7
GRCPAIAD,Commodity price index (A$),Index,1999-03-31,1999-03-31,1999-03-31,28.2
GRCPAIAD,Commodity price index (A$),Index,1999-04-30,1999-04-30,1999-04-30,27.3
GRCPAIAD,Commodity price index (A$),Index,1999-05-31,1999-05-31,1999-05-31,26.4
GRCPAIAD,Commodity price index (A$),Index,1999-06-30,1999-06-30,1999-06-30,26.7
GRCPAIAD,Commodity price index (A$),Index,1999-07-31,1999-07-31,1999-07-31,26.8
GRCPAIAD,Commodity price index (A$),Index,1999-08-31,1999-08-31,1999-08-31,28.0
GRCPAIAD,Commodity price index (A$),Index,1999-09-30,1999-09-30,1999-09-30,28.1
GRCPAIAD,Commodity price index (A$),Index,1999-10-31,1999-10-31,1999-10-31,28.6
GRCPAIAD,Commodity price index (A$),Index,1999-11-30,1999-11-30,1999-11-30,28.8
GRCPAIAD,Commodity price index (A$),Index,1999-12-31,1999-12-31,1999-12-31,28.7
GRCPAIAD,Commodity price index (A$),Index,2000-01-31,2000-01-31,2000-01-31,28.6
GRCPAIAD,Commodity price index (A$),Index,2000-02-29,2000-02-29,2000-02-29,30.4
GRCPAIAD,Commodity price index (A$),Index,2000-03-31,2000-03-31,2000-03-31,31.0
GRCPAIAD,Commodity price index (A$),Index,2000-04-30,2000-04-30,2000-04-30,31.4
GRCPAIAD,Commodity price index (A$),Index,2000-05-31,2000-05-31,2000-05-31,32.9
GRCPAIAD,Commodity price index (A$),Index,2000-06-30,2000-06-30,2000-06-30,32.6
GRCPAIAD,Commodity price index (A$),Index,2000-07-31,2000-07-31,2000-07-31,33.1
GRCPAIAD,Commodity price index (A$),Index,2000-08-31,2000-08-31,2000-08-31,33.5
GRCPAIAD,Commodity price index (A$),Index,2000-09-30,2000-09-30,2000-09-30,35.4
GRCPAIAD,Commodity price index (A$),Index,2000-10-31,2000-10-31,2000-10-31,36.8
GRCPAIAD,Commodity price index (A$),Index,2000-11-30,2000-11-30,2000-11-30,36.8
GRCPAIAD,Commodity price index (A$),Index,2000-12-31,2000-12-31,2000-12-31,35.2
GRCPAIAD,Commodity price index (A$),Index,2001-01-31,2001-01-31,2001-01-31,34.8
GRCPAIAD,Commodity price index (A$),Index,2001-02-28,2001-02-28,2001-02-28,36.3
GRCPAIAD,Commodity price index (A$),Index,2001-03-31,2001-03-31,2001-03-31,37.8
GRCPAIAD,Commodity price index (A$),Index,2001-04-30,2001-04-30,2001-04-30,38.5
GRCPAIAD,Commodity price index (A$),Index,2001-05-31,2001-05-31,2001-05-31,38.2
GRCPAIAD,Commodity price index (A$),Index,2001-06-30,2001-06-30,2001-06-30,38.0
GRCPAIAD,Commodity price index (A$),Index,2001-07-31,2001-07-31,2001-07-31,38.2
GRCPAIAD,Commodity price index (A$),Index,2001-08-31,2001-08-31,2001-08-31,37.4
GRCPAIAD,Commodity price index (A$),Index,2001-09-30,2001-09-30,2001-09-30,38.9
GRCPAIAD,Commodity price index (A$),Index,2001-10-31,2001-10-31,2001-10-31,37.3
GRCPAIAD,Commodity price index (A$),Index,2001-11-30,2001-11-30,2001-11-30,36.5
GRCPAIAD,Commodity price index (A$),Index,2001-12-31,2001-12-31,2001-12-31,36.7
GRCPAIAD,Commodity price index (A$),Index,2002-01-31,2002-01-31,2002-01-31,36.8
GRCPAIAD,Commodity price index (A$),Index,2002-02-28,2002-02-28,2002-02-28,36.9
GRCPAIAD,Commodity price index (A$),Index,2002-03-31,2002-03-31,2002-03-31,37.0
GRCPAIAD,Commodity price index (A$),Index,2002-04-30,2002-04-30,2002-04-30,36.5
GRCPAIAD,Commodity price index (A$),Index,2002-05-31,2002-05-31,2002-05-31,35.4
GRCPAIAD,Commodity price index (A$),Index,2002-06-30,2002-06-30,2002-06-30,34.4
GRCPAIAD,Commodity price index (A$),Index,2002-07-31,2002-07-31,2002-07-31,35.7
GRCPAIAD,Commodity price index (A$),Index,2002-08-31,2002-08-31,2002-08-31,36.6
GRCPAIAD,Commodity price index (A$),Index,2002-09-30,2002-09-30,2002-09-30,37.1
GRCPAIAD,Commodity price index (A$),Index,2002-10-31,2002-10-31,2002-10-31,37.5
GRCPAIAD,Commodity price index (A$),Index,2002-11-30,2002-11-30,2002-11-30,37.1
GRCPAIAD,Commodity price index (A$),Index,2002-12-31,2002-12-31,2002-12-31,37.3
GRCPAIAD,Commodity price index (A$),Index,2003-01-31,2003-01-31,2003-01-31,36.6
GRCPAIAD,Commodity price index (A$),Index,2003-02-28,2003-02-28,2003-02-28,36.5
GRCPAIAD,Commodity price index (A$),Index,2003-03-31,2003-03-31,2003-03-31,35.3
GRCPAIAD,Commodity price index (A$),Index,2003-04-30,2003-04-30,2003-04-30,33.9
GRCPAIAD,Commodity price index (A$),Index,2003-05-31,2003-05-31,2003-05-31,32.1
GRCPAIAD,Commodity price index (A$),Index,2003-06-30,2003-06-30,2003-06-30,31.5
GRCPAIAD,Commodity price index (A$),Index,2003-07-31,2003-07-31,2003-07-31,31.7
GRCPAIAD,Commodity price index (A$),Index,2003-08-31,2003-08-31,2003-08-31,32.9
GRCPAIAD,Commodity price index (A$),Index,2003-09-30,2003-09-30,2003-09-30,32.8
GRCPAIAD,Commodity price index (A$),Index,2003-10-31,2003-10-31,2003-10-31,32.2
GRCPAIAD,Commodity price index (A$),Index,2003-11-30,2003-11-30,2003-11-30,31.9
GRCPAIAD,Commodity price index (A$),Index,2003-12-31,2003-12-31,2003-12-31,31.5
GRCPAIAD,Commodity price index (A$),Index,2004-01-31,2004-01-31,2004-01-31,31.6
GRCPAIAD,Commodity price index (A$),Index,2004-02-29,2004-02-29,2004-02-29,31.5
GRCPAIAD,Commodity price index (A$),Index,2004-03-31,2004-03-31,2004-03-31,33.3
GRCPAIAD,Commodity price index (A$),Index,2004-04-30,2004-04-30,2004-04-30,34.1
GRCPAIAD,Commodity price index (A$),Index,2004-05-31,2004-05-31,2004-05-31,36.9
GRCPAIAD,Commodity price index (A$),Index,2004-06-30,2004-06-30,2004-06-30,37.4
GRCPAIAD,Commodity price index (A$),Index,2004-07-31,2004-07-31,2004-07-31,37.0
GRCPAIAD,Commodity price index (A$),Index,2004-08-31,2004-08-31,2004-08-31,38.1
GRCPAIAD,Commodity price index (A$),Index,2004-09-30,2004-09-30,2004-09-30,38.9
GRCPAIAD,Commodity price index (A$),Index,2004-10-31,2004-10-31,2004-10-31,38.4
GRCPAIAD,Commodity price index (A$),Index,2004-11-30,2004-11-30,2004-11-30,36.7
GRCPAIAD,Commodity price index (A$),Index,2004-12-31,2004-12-31,2004-12-31,36.4
GRCPAIAD,Commodity price index (A$),Index,2005-01-31,2005-01-31,2005-01-31,37.4
GRCPAIAD,Commodity price index (A$),Index,2005-02-28,2005-02-28,2005-02-28,37.2
GRCPAIAD,Commodity price index (A$),Index,2005-03-31,2005-03-31,2005-03-31,38.4
GRCPAIAD,Commodity price index (A$),Index,2005-04-30,2005-04-30,2005-04-30,42.7
GRCPAIAD,Commodity price index (A$),Index,2005-05-31,2005-05-31,2005-05-31,42.6
GRCPAIAD,Commodity price index (A$),Index,2005-06-30,2005-06-30,2005-06-30,43.8
GRCPAIAD,Commodity price index (A$),Index,2005-07-31,2005-07-31,2005-07-31,45.6
GRCPAIAD,Commodity price index (A$),Index,2005-08-31,2005-08-31,2005-08-31,46.4
GRCPAIAD,Commodity price index (A$),Index,2005-09-30,2005-09-30,2005-09-30,46.8
GRCPAIAD,Commodity price index (A$),Index,2005-10-31,2005-10-31,2005-10-31,47.6
GRCPAIAD,Commodity price index (A$),Index,2005-11-30,2005-11-30,2005-11-30,48.7
GRCPAIAD,Commodity price index (A$),Index,2005-12-31,2005-12-31,2005-12-31,49.8
GRCPAIAD,Commodity price index (A$),Index,2006-01-31,2006-01-31,2006-01-31,50.9
GRCPAIAD,Commodity price index (A$),Index,2006-02-28,2006-02-28,2006-02-28,52.0
GRCPAIAD,Commodity price index (A$),Index,2006-03-31,2006-03-31,2006-03-31,53.1
GRCPAIAD,Commodity price index (A$),Index,2006-04-30,2006-04-30,2006-04-30,55.2
GRCPAIAD,Commodity price index (A$),Index,2006-05-31,2006-05-31,2006-05-31,55.3
GRCPAIAD,Commodity price index (A$),Index,2006-06-30,2006-06-30,2006-06-30,55.3
GRCPAIAD,Commodity price index (A$),Index,2006-07-31,2006-07-31,2006-07-31,56.2
GRCPAIAD,Commodity price index (A$),Index,2006-08-31,2006-08-31,2006-08-31,55.8
GRCPAIAD,Commodity price index (A$),Index,2006-09-30,2006-09-30,2006-09-30,54.7
GRCPAIAD,Commodity price index (A$),Index,2006-10-31,2006-10-31,2006-10-31,55.1
GRCPAIAD,Commodity price index (A$),Index,2006-11-30,2006-11-30,2006-11-30,54.5
GRCPAIAD,Commodity price index (A$),Index,2006-12-31,2006-12-31,2006-12-31,54.3
GRCPAIAD,Commodity price index (A$),Index,2007-01-31,2007-01-31,2007-01-31,53.3
GRCPAIAD,Commodity price index (A$),Index,2007-02-28,2007-02-28,2007-02-28,54.7
GRCPAIAD,Commodity price index (A$),Index,2007-03-31,2007-03-31,2007-03-31,55.0
GRCPAIAD,Commodity price index (A$),Index,2007-04-30,2007-04-30,2007-04-30,54.5
GRCPAIAD,Commodity price index (A$),Index,2007-05-31,2007-05-31,2007-05-31,54.9
GRCPAIAD,Commodity price index (A$),Index,2007-06-30,2007-06-30,2007-06-30,53.0
GRCPAIAD,Commodity price index (A$),Index,2007-07-31,2007-07-31,2007-07-31,52.0
GRCPAIAD,Commodity price index (A$),Index,2007-08-31,2007-08-31,2007-08-31,53.6
GRCPAIAD,Commodity price index (A$),Index,2007-09-30,2007-09-30,2007-09-30,54.9
GRCPAIAD,Commodity price index (A$),Index,2007-10-31,2007-10-31,2007-10-31,53.5
GRCPAIAD,Commodity price index (A$),Index,2007-11-30,2007-11-30,2007-11-30,54.4
GRCPAIAD,Commodity price index (A$),Index,2007-12-31,2007-12-31,2007-12-31,56.0
GRCPAIAD,Commodity price index (A$),Index,2008-01-31,2008-01-31,2008-01-31,56.9
GRCPAIAD,Commodity price index (A$),Index,2008-02-29,2008-02-29,2008-02-29,57.9
GRCPAIAD,Commodity price index (A$),Index,2008-03-31,2008-03-31,2008-03-31,60.5
GRCPAIAD,Commodity price index (A$),Index,2008-04-30,2008-04-30,2008-04-30,64.8
GRCPAIAD,Commodity price index (A$),Index,2008-05-31,2008-05-31,2008-05-31,67.1
GRCPAIAD,Commodity price index (A$),Index,2008-06-30,2008-06-30,2008-06-30,71.0
GRCPAIAD,Commodity price index (A$),Index,2008-07-31,2008-07-31,2008-07-31,74.0
GRCPAIAD,Commodity price index (A$),Index,2008-08-31,2008-08-31,2008-08-31,79.5
GRCPAIAD,Commodity price index (A$),Index,2008-09-30,2008-09-30,2008-09-30,85.7
GRCPAIAD,Commodity price index (A$),Index,2008-10-31,2008-10-31,2008-10-31,95.6
GRCPAIAD,Commodity price index (A$),Index,2008-11-30,2008-11-30,2008-11-30,93.4
GRCPAIAD,Commodity price index (A$),Index,2008-12-31,2008-12-31,2008-12-31,85.7
GRCPAIAD,Commodity price index (A$),Index,2009-01-31,2009-01-31,2009-01-31,82.1
GRCPAIAD,Commodity price index (A$),Index,2009-02-28,2009-02-28,2009-02-28,82.8
GRCPAIAD,Commodity price index (A$),Index,2009-03-31,2009-03-31,2009-03-31,76.3
GRCPAIAD,Commodity price index (A$),Index,2009-04-30,2009-04-30,2009-04-30,65.7
GRCPAIAD,Commodity price index (A$),Index,2009-05-31,2009-05-31,2009-05-31,58.2
GRCPAIAD,Commodity price index (A$),Index,2009-06-30,2009-06-30,2009-06-30,57.6
GRCPAIAD,Commodity price index (A$),Index,2009-07-31,2009-07-31,2009-07-31,56.6
GRCPAIAD,Commodity price index (A$),Index,2009-08-31,2009-08-31,2009-08-31,56.2
GRCPAIAD,Commodity price index (A$),Index,2009-09-30,2009-09-30,2009-09-30,56.0
GRCPAIAD,Commodity price index (A$),Index,2009-10-31,2009-10-31,2009-10-31,54.0
GRCPAIAD,Commodity price index (A$),Index,2009-11-30,2009-11-30,2009-11-30,55.2
GRCPAIAD,Commodity price index (A$),Index,2009-12-31,2009-12-31,2009-12-31,56.8
GRCPAIAD,Commodity price index (A$),Index,2010-01-31,2010-01-31,2010-01-31,57.9
GRCPAIAD,Commodity price index (A$),Index,2010-02-28,2010-02-28,2010-02-28,60.4
GRCPAIAD,Commodity price index (A$),Index,2010-03-31,2010-03-31,2010-03-31,60.1
GRCPAIAD,Commodity price index (A$),Index,2010-04-30,2010-04-30,2010-04-30,68.1
GRCPAIAD,Commodity price index (A$),Index,2010-05-31,2010-05-31,2010-05-31,73.5
GRCPAIAD,Commodity price index (A$),Index,2010-06-30,2010-06-30,2010-06-30,76.0
GRCPAIAD,Commodity price index (A$),Index,2010-07-31,2010-07-31,2010-07-31,76.8
GRCPAIAD,Commodity price index (A$),Index,2010-08-31,2010-08-31,2010-08-31,77.5
GRCPAIAD,Commodity price index (A$),Index,2010-09-30,2010-09-30,2010-09-30,75.0
GRCPAIAD,Commodity price index (A$),Index,2010-10-31,2010-10-31,2010-10-31,71.4
GRCPAIAD,Commodity price index (A$),Index,2010-11-30,2010-11-30,2010-11-30,72.0
GRCPAIAD,Commodity price index (A$),Index,2010-12-31,2010-12-31,2010-12-31,74.4
GRCPAIAD,Commodity price index (A$),Index,2011-01-31,2011-01-31,2011-01-31,77.3
GRCPAIAD,Commodity price index (A$),Index,2011-02-28,2011-02-28,2011-02-28,79.9
GRCPAIAD,Commodity price index (A$),Index,2011-03-31,2011-03-31,2011-03-31,81.1
GRCPAIAD,Commodity price index (A$),Index,2011-04-30,2011-04-30,2011-04-30,82.4
GRCPAIAD,Commodity price index (A$),Index,2011-05-31,2011-05-31,2011-05-31,83.8
GRCPAIAD,Commodity price index (A$),Index,2011-06-30,2011-06-30,2011-06-30,84.8
GRCPAIAD,Commodity price index (A$),Index,2011-07-31,2011-07-31,2011-07-31,83.6
GRCPAIAD,Commodity price index (A$),Index,2011-08-31,2011-08-31,2011-08-31,85.4
GRCPAIAD,Commodity price index (A$),Index,2011-09-30,2011-09-30,2011-09-30,85.6
GRCPAIAD,Commodity price index (A$),Index,2011-10-31,2011-10-31,2011-10-31,83.0
GRCPAIAD,Commodity price index (A$),Index,2011-11-30,2011-11-30,2011-11-30,79.2
GRCPAIAD,Commodity price index (A$),Index,2011-12-31,2011-12-31,2011-12-31,76.5
GRCPAIAD,Commodity price index (A$),Index,2012-01-31,2012-01-31,2012-01-31,74.2
GRCPAIAD,Commodity price index (A$),Index,2012-02-29,2012-02-29,2012-02-29,72.6
GRCPAIAD,Commodity price index (A$),Index,2012-03-31,2012-03-31,2012-03-31,74.4
GRCPAIAD,Commodity price index (A$),Index,2012-04-30,2012-04-30,2012-04-30,74.2
GRCPAIAD,Commodity price index (A$),Index,2012-05-31,2012-05-31,2012-05-31,75.4
GRCPAIAD,Commodity price index (A$),Index,2012-06-30,2012-06-30,2012-06-30,73.5
GRCPAIAD,Commodity price index (A$),Index,2012-07-31,2012-07-31,2012-07-31,70.8
GRCPAIAD,Commodity price index (A$),Index,2012-08-31,2012-08-31,2012-08-31,67.8
GRCPAIAD,Commodity price index (A$),Index,2012-09-30,2012-09-30,2012-09-30,64.5
GRCPAIAD,Commodity price index (A$),Index,2012-10-31,2012-10-31,2012-10-31,63.4
GRCPAIAD,Commodity price index (A$),Index,2012-11-30,2012-11-30,2012-11-30,63.3
GRCPAIAD,Commodity price index (A$),Index,2012-12-31,2012-12-31,2012-12-31,63.7
GRCPAIAD,Commodity price index (A$),Index,2013-01-31,2013-01-31,2013-01-31,67.1
GRCPAIAD,Commodity price index (A$),Index,2013-02-28,2013-02-28,2013-02-28,69.5
GRCPAIAD,Commodity price index (A$),Index,2013-03-31,2013-03-31,2013-03-31,68.0
GRCPAIAD,Commodity price index (A$),Index,2013-04-30,2013-04-30,2013-04-30,67.0
GRCPAIAD,Commodity price index (A$),Index,2013-05-31,2013-05-31,2013-05-31,68.0
GRCPAIAD,Commodity price index (A$),Index,2013-06-30,2013-06-30,2013-06-30,68.2
GRCPAIAD,Commodity price index (A$),Index,2013-07-31,2013-07-31,2013-07-31,69.9
GRCPAIAD,Commodity price index (A$),Index,2013-08-31,2013-08-31,2013-08-31,71.0
GRCPAIAD,Commodity price index (A$),Index,2013-09-30,2013-09-30,2013-09-30,70.0
GRCPAIAD,Commodity price index (A$),Index,2013-10-31,2013-10-31,2013-10-31,68.1
GRCPAIAD,Commodity price index (A$),Index,2013-11-30,2013-11-30,2013-11-30,68.9
GRCPAIAD,Commodity price index (A$),Index,2013-12-31,2013-12-31,2013-12-31,72.3
GRCPAIAD,Commodity price index (A$),Index,2014-01-31,2014-01-31,2014-01-31,72.4
GRCPAIAD,Commodity price index (A$),Index,2014-02-28,2014-02-28,2014-02-28,70.9
GRCPAIAD,Commodity price index (A$),Index,2014-03-31,2014-03-31,2014-03-31,67.5
GRCPAIAD,Commodity price index (A$),Index,2014-04-30,2014-04-30,2014-04-30,64.5
GRCPAIAD,Commodity price index (A$),Index,2014-05-31,2014-05-31,2014-05-31,62.3
GRCPAIAD,Commodity price index (A$),Index,2014-06-30,2014-06-30,2014-06-30,59.8
GRCPAIAD,Commodity price index (A$),Index,2014-07-31,2014-07-31,2014-07-31,58.8
GRCPAIAD,Commodity price index (A$),Index,2014-08-31,2014-08-31,2014-08-31,58.2
GRCPAIAD,Commodity price index (A$),Index,2014-09-30,2014-09-30,2014-09-30,58.2
GRCPAIAD,Commodity price index (A$),Index,2014-10-31,2014-10-31,2014-10-31,57.7
GRCPAIAD,Commodity price index (A$),Index,2014-11-30,2014-11-30,2014-11-30,57.4
GRCPAIAD,Commodity price index (A$),Index,2014-12-31,2014-12-31,2014-12-31,57.7
GRCPAIAD,Commodity price index (A$),Index,2015-01-31,2015-01-31,2015-01-31,58.5
GRCPAIAD,Commodity price index (A$),Index,2015-02-28,2015-02-28,2015-02-28,57.9
GRCPAIAD,Commodity price index (A$),Index,2015-03-31,2015-03-31,2015-03-31,55.3
GRCPAIAD,Commodity price index (A$),Index,2015-04-30,2015-04-30,2015-04-30,52.3
GRCPAIAD,Commodity price index (A$),Index,2015-05-31,2015-05-31,2015-05-31,51.7
GRCPAIAD,Commodity price index (A$),Index,2015-06-30,2015-06-30,2015-06-30,53.2
GRCPAIAD,Commodity price index (A$),Index,2015-07-31,2015-07-31,2015-07-31,52.6
GRCPAIAD,Commodity price index (A$),Index,2015-08-31,2015-08-31,2015-08-31,52.8
GRCPAIAD,Commodity price index (A$),Index,2015-09-30,2015-09-30,2015-09-30,54.5
GRCPAIAD,Commodity price index (A$),Index,2015-10-31,2015-10-31,2015-10-31,52.4
GRCPAIAD,Commodity price index (A$),Index,2015-11-30,2015-11-30,2015-11-30,49.8
GRCPAIAD,Commodity price index (A$),Index,2015-12-31,2015-12-31,2015-12-31,46.9
GRCPAIAD,Commodity price index (A$),Index,2016-01-31,2016-01-31,2016-01-31,47.3
GRCPAIAD,Commodity price index (A$),Index,2016-02-29,2016-02-29,2016-02-29,48.1
GRCPAIAD,Commodity price index (A$),Index,2016-03-31,2016-03-31,2016-03-31,48.5
GRCPAIAD,Commodity price index (A$),Index,2016-04-30,2016-04-30,2016-04-30,48.6
GRCPAIAD,Commodity price index (A$),Index,2016-05-31,2016-05-31,2016-05-31,50.3
GRCPAIAD,Commodity price index (A$),Index,2016-06-30,2016-06-30,2016-06-30,49.4
GRCPAIAD,Commodity price index (A$),Index,2016-07-31,2016-07-31,2016-07-31,50.1
GRCPAIAD,Commodity price index (A$),Index,2016-08-31,2016-08-31,2016-08-31,51.5
GRCPAIAD,Commodity price index (A$),Index,2016-09-30,2016-09-30,2016-09-30,52.8
GRCPAIAD,Commodity price index (A$),Index,2016-10-31,2016-10-31,2016-10-31,55.2
GRCPAIAD,Commodity price index (A$),Index,2016-11-30,2016-11-30,2016-11-30,62.9
GRCPAIAD,Commodity price index (A$),Index,2016-12-31,2016-12-31,2016-12-31,67.1
GRCPAIAD,Commodity price index (A$),Index,2017-01-31,2017-01-31,2017-01-31,67.2
GRCPAIAD,Commodity price index (A$),Index,2017-02-28,2017-02-28,2017-02-28,66.8
GRCPAIAD,Commodity price index (A$),Index,2017-03-31,2017-03-31,2017-03-31,66.1
GRCPAIAD,Commodity price index (A$),Index,2017-04-30,2017-04-30,2017-04-30,63.8
GRCPAIAD,Commodity price index (A$),Index,2017-05-31,2017-05-31,2017-05-31,62.1
GRCPAIAD,Commodity price index (A$),Index,2017-06-30,2017-06-30,2017-06-30,59.6
GRCPAIAD,Commodity price index (A$),Index,2017-07-31,2017-07-31,2017-07-31,58.9
GRCPAIAD,Commodity price index (A$),Index,2017-08-31,2017-08-31,2017-08-31,60.4
GRCPAIAD,Commodity price index (A$),Index,2017-09-30,2017-09-30,2017-09-30,61.3
GRCPAIAD,Commodity price index (A$),Index,2017-10-31,2017-10-31,2017-10-31,60.2
GRCPAIAD,Commodity price index (A$),Index,2017-11-30,2017-11-30,2017-11-30,62.2
GRCPAIAD,Commodity price index (A$),Index,2017-12-31,2017-12-31,2017-12-31,63.9
GRCPAIAD,Commodity price index (A$),Index,2018-01-31,2018-01-31,2018-01-31,65.6
GRCPAIAD,Commodity price index (A$),Index,2018-02-28,2018-02-28,2018-02-28,68.3
GRCPAIAD,Commodity price index (A$),Index,2018-03-31,2018-03-31,2018-03-31,67.8
GRCPAIAD,Commodity price index (A$),Index,2018-04-30,2018-04-30,2018-04-30,66.6
GRCPAIAD,Commodity price index (A$),Index,2018-05-31,2018-05-31,2018-05-31,68.6
GRCPAIAD,Commodity price index (A$),Index,2018-06-30,2018-06-30,2018-06-30,68.9
GRCPAIAD,Commodity price index (A$),Index,2018-07-31,2018-07-31,2018-07-31,70.0
GRCPAIAD,Commodity price index (A$),Index,2018-08-31,2018-08-31,2018-08-31,71.1
GRCPAIAD,Commodity price index (A$),Index,2018-09-30,2018-09-30,2018-09-30,74.1
GRCPAIAD,Commodity price index (A$),Index,2018-10-31,2018-10-31,2018-10-31,76.3
GRCPAIAD,Commodity price index (A$),Index,2018-11-30,2018-11-30,2018-11-30,74.8
GRCPAIAD,Commodity price index (A$),Index,2018-12-31,2018-12-31,2018-12-31,73.9
GRCPAIAD,Commodity price index (A$),Index,2019-01-31,2019-01-31,2019-01-31,76.7
GRCPAIAD,Commodity price index (A$),Index,2019-02-28,2019-02-28,2019-02-28,78.9
GRCPAIAD,Commodity price index (A$),Index,2019-03-31,2019-03-31,2019-03-31,80.3
GRCPAIAD,Commodity price index (A$),Index,2019-04-30,2019-04-30,2019-04-30,78.3
GRCPAIAD,Commodity price index (A$),Index,2019-05-31,2019-05-31,2019-05-31,81.4
GRCPAIAD,Commodity price index (A$),Index,2019-06-30,2019-06-30,2019-06-30,82.3
GRCPAIAD,Commodity price index (A$),Index,2019-07-31,2019-07-31,2019-07-31,83.7
GRCPAIAD,Commodity price index (A$),Index,2019-08-31,2019-08-31,2019-08-31,82.3
GRCPAIAD,Commodity price index (A$),Index,2019-09-30,2019-09-30,2019-09-30,79.2
GRCPAIAD,Commodity price index (A$),Index,2019-10-31,2019-10-31,2019-10-31,76.4
GRCPAIAD,Commodity price index (A$),Index,2019-11-30,2019-11-30,2019-11-30,75.7
GRCPAIAD,Commodity price index (A$),Index,2019-12-31,2019-12-31,2019-12-31,75.0
GRCPAIAD,Commodity price index (A$),Index,2020-01-31,2020-01-31,2020-01-31,75.7
GRCPAIAD,Commodity price index (A$),Index,2020-02-29,2020-02-29,2020-02-29,77.5
GRCPAIAD,Commodity price index (A$),Index,2020-03-31,2020-03-31,2020-03-31,82.0
GRCPAIAD,Commodity price index (A$),Index,2020-04-30,2020-04-30,2020-04-30,78.4
GRCPAIAD,Commodity price index (A$),Index,2020-05-31,2020-05-31,2020-05-31,76.3
GRCPAIAD,Commodity price index (A$),Index,2020-06-30,2020-06-30,2020-06-30,72.3
GRCPAIAD,Commodity price index (A$),Index,2020-07-31,2020-07-31,2020-07-31,70.7
GRCPAIAD,Commodity price index (A$),Index,2020-08-31,2020-08-31,2020-08-31,71.1
GRCPAIAD,Commodity price index (A$),Index,2020-09-30,2020-09-30,2020-09-30,71.7
GRCPAIAD,Commodity price index (A$),Index,2020-10-31,2020-10-31,2020-10-31,73.9
GRCPAIAD,Commodity price index (A$),Index,2020-11-30,2020-11-30,2020-11-30,75.8
GRCPAIAD,Commodity price index (A$),Index,2020-12-31,2020-12-31,2020-12-31,81.9
GRCPAIAD,Commodity price index (A$),Index,2021-01-31,2021-01-31,2021-01-31,85.7
GRCPAIAD,Commodity price index (A$),Index,2021-02-28,2021-02-28,2021-02-28,86.8
GRCPAIAD,Commodity price index (A$),Index,2021-03-31,2021-03-31,2021-03-31,89.2
GRCPAIAD,Commodity price index (A$),Index,2021-04-30,2021-04-30,2021-04-30,92.6
GRCPAIAD,Commodity price index (A$),Index,2021-05-31,2021-05-31,2021-05-31,97.9
GRCPAIAD,Commodity price index (A$),Index,2021-06-30,2021-06-30,2021-06-30,105.1
GRCPAIAD,Commodity price index (A$),Index,2021-07-31,2021-07-31,2021-07-31,110.7
GRCPAIAD,Commodity price index (A$),Index,2021-08-31,2021-08-31,2021-08-31,103.3
GRCPAIAD,Commodity price index (A$),Index,2021-09-30,2021-09-30,2021-09-30,95.6
GRCPAIAD,Commodity price index (A$),Index,2021-10-31,2021-10-31,2021-10-31,98.0
GRCPAIAD,Commodity price index (A$),Index,2021-11-30,2021-11-30,2021-11-30,102.9
GRCPAIAD,Commodity price index (A$),Index,2021-12-31,2021-12-31,2021-12-31,105.9
GRCPAIAD,Commodity price index (A$),Index,2022-01-31,2022-01-31,2022-01-31,113.6
GRCPAIAD,Commodity price index (A$),Index,2022-02-28,2022-02-28,2022-02-28,120.3
GRCPAIAD,Commodity price index (A$),Index,2022-03-31,2022-03-31,2022-03-31,126.9
GRCPAIAD,Commodity price index (A$),Index,2022-04-30,2022-04-30,2022-04-30,136.3
GRCPAIAD,Commodity price index (A$),Index,2022-05-31,2022-05-31,2022-05-31,136.8
GRCPAIAD,Commodity price index (A$),Index,2022-06-30,2022-06-30,2022-06-30,137.5
GRCPAIAD,Commodity price index (A$),Index,2022-07-31,2022-07-31,2022-07-31,133.7
GRCPAIAD,Commodity price index (A$),Index,2022-08-31,2022-08-31,2022-08-31,128.3
GRCPAIAD,Commodity price index (A$),Index,2022-09-30,2022-09-30,2022-09-30,135.6
GRCPAIAD,Commodity price index (A$),Index,2022-10-31,2022-10-31,2022-10-31,137.8
GRCPAIAD,Commodity price index (A$),Index,2022-11-30,2022-11-30,2022-11-30,130.4
GRCPAIAD,Commodity price index (A$),Index,2022-12-31,2022-12-31,2022-12-31,130.0
GRCPAIAD,Commodity price index (A$),Index,2023-01-31,2023-01-31,2023-01-31,129.0
GRCPAIAD,Commodity price index (A$),Index,2023-02-28,2023-02-28,2023-02-28,128.0
GRCPAIAD,Commodity price index (A$),Index,2023-03-31,2023-03-31,2023-03-31,125.1
GRCPAIAD,Commodity price index (A$),Index,2023-04-30,2023-04-30,2023-04-30,119.1
GRCPAIAD,Commodity price index (A$),Index,2023-05-31,2023-05-31,2023-05-31,111.4
GRCPAIAD,Commodity price index (A$),Index,2023-06-30,2023-06-30,2023-06-30,105.7
GRCPAIAD,Commodity price index (A$),Index,2023-07-31,2023-07-31,2023-07-31,105.5
GRCPAIAD,Commodity price index (A$),Index,2023-08-31,2023-08-31,2023-08-31,106.5
GRCPAIAD,Commodity price index (A$),Index,2023-09-30,2023-09-30,2023-09-30,108.6
GRCPAIAD,Commodity price index (A$),Index,2023-10-31,2023-10-31,2023-10-31,109.4
GRCPAIAD,Commodity price index (A$),Index,2023-11-30,2023-11-30,2023-11-30,111.9
GRCPAIAD,Commodity price index (A$),Index,2023-12-31,2023-12-31,2023-12-31,110.0
GRCPAIAD,Commodity price index (A$),Index,2024-01-31,2024-01-31,2024-01-31,112.6
GRCPAIAD,Commodity price index (A$),Index,2024-02-29,2024-02-29,2024-02-29,111.8
GRCPAIAD,Commodity price index (A$),Index,2024-03-31,2024-03-31,2024-03-31,105.5
GRCPAIAD,Commodity price index (A$),Index,2024-04-30,2024-04-30,2024-04-30,103.1
GRCPAIAD,Commodity price index (A$),Index,2024-05-31,2024-05-31,2024-05-31,102.8
GRCPAIAD,Commodity price index (A$),Index,2024-06-30,2024-06-30,2024-06-30,100.6
GRCPAIAD,Commodity price index (A$),Index,2024-07-31,2024-07-31,2024-07-31,100.7
GRCPAIAD,Commodity price index (A$),Index,2024-08-31,2024-08-31,2024-08-31,98.0
GRCPAIAD,Commodity price index (A$),Index,2024-09-30,2024-09-30,2024-09-30,93.9
GRCPAIAD,Commodity price index (A$),Index,2024-10-31,2024-10-31,2024-10-31,97.2
GRCPAIAD,Commodity price index (A$),Index,2024-11-30,2024-11-30,2024-11-30,100.2
GRCPAIAD,Commodity price index (A$),Index,2024-12-31,2024-12-31,2024-12-31,105.5
GRCPAIAD,Commodity price index (A$),Index,2025-01-31,2025-01-31,2025-01-31,105.1
GRCPAIAD,Commodity price index (A$),Index,2025-02-28,2025-02-28,2025-02-28,104.6
GRCPAIAD,Commodity price index (A$),Index,2025-03-31,2025-03-31,2025-03-31,101.3
GRCPAIAD,Commodity price index (A$),Index,2025-04-30,2025-04-30,2025-04-30,99.6
GRCPAIAD,Commodity price index (A$),Index,2025-05-31,2025-05-31,2025-05-31,97.4
GRCPAIAD,Commodity price index (A$),Index,2025-06-30,2025-06-30,2025-06-30,96.5
GRCPAIAD,Commodity price index (A$),Index,2025-07-31,2025-07-31,2025-07-31,96.1
GRCPAIAD,Commodity price index (A$),Index,2025-08-31,2025-08-31,2025-08-31,99.2
GRCPAIAD,Commodity price index (A$),Index,2025-09-30,2025-09-30,2025-09-30,100.0
GRCPAIAD,Commodity price index (A$),Index,2025-10-31,2025-10-31,2025-10-31,102.0
GRCPAIAD,Commodity price index (A$),Index,2025-11-30,2025-11-30,2025-11-30,103.7
GRCPAIAD,Commodity price index (A$),Index,2025-12-31,2025-12-31,2025-12-31,102.8
GRCPAIAD,Commodity price index (A$),Index,2026-01-31,2026-01-31,2026-01-31,104.6
GRCPAIAD,Commodity price index (A$),Index,2026-02-28,2026-02-28,2026-02-28,102.6
GRCPAIAD,Commodity price index (A$),Index,2026-03-31,2026-03-31,2026-03-31,104.1
GRCPAIAD,Commodity price index (A$),Index,2026-04-30,2026-04-30,2026-04-30,103.5
GRCPAIAD,Commodity price index (A$),Index,2026-05-31,2026-05-31,2026-05-31,103.4
